Title,Link,website,Article_Text,True_Label
,https://www.elwatannews.com/news/details/8168870,elwatan,"قال الدكتور مصطفى مدبولي، رئيس مجلس الوزراء، إنه يود توجيه الشكر للمواطنين على صبرهم خلال إجراءات الإصلاح الاقتصادي الكبيرة التي نفذتها الدولة، مؤكدًا أن الاقتصاد المصري يشهد اليوم انطلاقة قوية، مع تركيز الحكومة جهودها على أربعة قطاعات رئيسية: الصناعة، والزراعة، والاتصالات وتكنولوجيا المعلومات، والسياحة.
وأضاف مدبولي في كلمته خلال توقيع شراكة استثمارية مصرية قطرية لتنفيذ مشروع علم الروم، أن قطاع الصناعة يشهد يوميًا افتتاح مصانع جديدة، ويساهم التصدير في قيادة عمليات النمو المتسارع بالتوازي مع القطاعات الأخرى، أما قطاع الزراعة، فقد حقق أرقامًا قياسية، مع زيادة الصادرات الزراعية المصرية إلى الأسواق العالمية، فضلًا عن المشاريع العملاقة للاستصلاح الزراعي في الدلتا الجديدة، والتي تضيف ملايين الأفدنة إلى الرقعة الزراعية، ما يعزز الاكتفاء الذاتي ويعود بالفائدة على الاقتصاد في السنوات المقبلة.
وأشار رئيس الوزراء إلى أن قطاع الاتصالات وتكنولوجيا المعلومات أصبح قاطرة لتنمية الشباب الواعد، لافتًا إلى أن صناعة التعهيد في مصر تتقدم على العديد من الدول، معلنًا أن يوم الأحد المقبل سيشهد توقيع 50 مشروعًا جديدًا مع 50 شركة كبرى لتوسيع هذا القطاع الحيوي.",REAL
,https://www.elwatannews.com/news/details/8168962,elwatan,"أفادت قناة «القاهرة الإخبارية»، في نبأ عاجل، بأن جيش الاحتلال  الإسرائيلي بدأ في شن غارات على جنوب لبنان.
وأعلن جيش الاحتلال أنه بدء سلسلة غارات على أهداف عسكرية لحزب الله في جنوب لبنان.",REAL
,https://www.elwatannews.com/news/details/8168961,elwatan,"حذرت الهيئة العامة للأرصاد الجوية من طقس الأيام المقبلة، إذ يتوقع الخبراء سيطرة 3 ظواهر جوية على حالة الطقس، ليسود طقس خريفي مائل للبرودة في الصباح الباكر، مائل للحرارة نهارا على أغلب الأنحاء، حار على جنوب البلاد وجنوب سيناء، بينما يكون الطقس معتدل الحرارة في أول الليل مائل للبرودة في آخره.
وعن الظواهر الجوية التي تضرب
الأيام المقبلة، فمن المتوقع أن تكون هناك فرصا لسقوط أمطار خفيفة اليوم الخميس الموافق 6 نوفمبر وتكون الأمطار على مناطق من السواحل الشمالية الغربية وشمال الوجه البحري على فترات متقطعة، يصاحبها ظهور للسحب المنخفضة على مناطق من شمال البلاد حتى القاهرة الكبرى ومدن القناة ووسط سيناء.
وحذرت
أيضا من ظهور الشبورة المائية من 4 وحتى 9 صباحا على بعض الطرق المؤدية من وإلى مناطق من السواحل الشمالية وشمال الوجه البحري والقاهرة الكبرى ومدن القناة، ووسط سيناء، وشمال الصعيد، وقد تكون كثيفة أحيانا على بعض الطرق.
القاهرة الكبرى والوجه البحري: العظمى 27 والصغرى 18 درجة مئوية.
السواحل الشمالية: العظمى 26 والصغرى 17 درجة مئوية.
شمال الصعيد: العظمى 28 والصغرى 17 درجة مئوية.
جنوب الصعيد: العظمى 33 والصغرى 20 درجة مئوية.
القاهرة الكبرى والوجه البحري: العظمى 27 والصغرى 18 درجة مئوية.
السواحل الشمالية: العظمى 26 والصغرى 16 درجة مئوية.
شمال الصعيد: العظمى 28 والصغرى 16 درجة مئوية.
جنوب الصعيد: العظمى 34 والصغرى 20 درجة مئوية.
القاهرة الكبرى والوجه البحري: العظمى 29 والصغرى 19 درجة مئوية.
السواحل الشمالية: العظمى 27 والصغرى 17 درجة مئوية.
شمال الصعيد: العظمى 31 والصغرى 17 درجة مئوية.
جنوب الصعيد: العظمى 36 والصغرى 20 درجة مئوية.",REAL
,https://www.elwatannews.com/news/details/8168965,elwatan,"شدد اللواء الدكتور إسماعيل كمال محافظ أسوان، علي الشركات المنفذة بضرورة الالتزام ببرامج زمنية محددة للانتهاء من كافة المشروعات المتبقية في موعد أقصاه نهاية ديسمبر المقبل، مؤكداً أنه لن يتم السماح بأي تأخير في تسليم الأعمال طبقاً للمواصفات والمعايير الفنية والجودة المطلوبة.
وأوضح «كمال» أن مشروعات الهيئة القومية ل
والصرف الصحي، ضمن المرحلة الأولى من المبادرة الرئاسية تشمل 78 قرية بمراكز المحافظة، وتضم 19 محطة معالجة تم بدء التشغيل التجريبي لمحطتين منها، إلى جانب 92 محطة رفع وخطوط طرد، تم دخول 25 محطة مراحل تجارب التشغيل، كما تم الانتهاء من شبكات الانحدار في 55 قرية، وجارٍ استكمال الأعمال في باقي المواقع لتحقيق نسبة إنجاز كاملة قبل نهاية العام الجاري.
وأعرب محافظ أسوان عن تقديره الكبير للجهود الوطنية المبذولة من جانب الهيئة القومية لمياه الشرب و
بقيادة اللواء أمين شوقي، والشركة القابضة لمياه الشرب والصرف الصحي برئاسة المهندس أحمد جابر، وكافة الوزارات والجهات والشركات المنفذة، مشيداً بروح التلاحم والعمل الجماعي بين جميع الأطراف تحت إشراف مباشر من دولة رئيس الوزراء الدكتور مصطفى مدبولي، والفريق محمد حجازي، مساعد رئيس الجمهورية لمبادرة ""حياة كريمة"".
وأكد المحافظ أن محافظة أسوان تقدم كل سبل الدعم الفني والإداري لضمان سرعة التنفيذ وفق أعلى معايير الجودة، مشيراً إلى أن المشاركة المجتمعية الفاعلة من أهالي القرى المدرجة ضمن المبادرة تسهم بدور بارز في رفع معدلات الإنجاز، وتحقيق تحول ملموس في مستوى الخدمات والبنية التحتية، بما يجسد أهداف المبادرة الرئاسية في بناء الجمهورية الجديدة وتحسين جودة الحياة للمواطن الأسواني.
وجاء ذلك أثناء ترأس محافظ أسوان، الاجتماع التنسيقي لمتابعة الموقف التنفيذي للمشروعات الجاري تنفيذها بواسطة الهيئة القومية لمياه الشرب والصرف الصحي، في إطار المتابعة الميدانية المستمرة لتحقيق أعلى معدلات إنجاز ضمن مشروعات المبادرة الرئاسية ""حياة كريمة""، وبحضور اللواء ياسر عبد الشافي، معاون المحافظ، والمهندسة سوزان متولي، رئيس الجهاز التنفيذي للهيئة بأسوان، والمهندس ناجي عليان، عضو مجلس إدارة شركة المقاولات المنفذة، وعدد من المختصين والمسؤولين التنفيذىن.",REAL
,https://www.elwatannews.com/news/details/8168950,elwatan,"أصدر المهندس شريف الشربيني، وزير الإسكان والمرافق والمجتمعات العمرانية، 4 قرارات بحركة تكليفات وتنقلات بهيئة المجتمعات العمرانية الجديدة وعددٍ من أجهزة المدن، وذلك في ضوء ظروف العمل ومتطلباته.
ونص القرار الأول لـ
على ندب الدكتور مهندس، وليد عباس عبد القوى - النائب الأول لرئيس مجلس إدارة هيئة المجتمعات العمرانية الجديدة، للعمل بوظيفة مساعد وزير الإسكان والمرافق والمجتمعات العمرانية لشئون هيئة المجتمعات العمرانية الجديدة وهيئة التنمية السياحية لمدة عام بالإضافة إلى عمله.
كما نص القرار الثاني، على تكليف الدكتور أحمد رضا على عليوة عمارة، مدير عام العقود وتسوية المنازعات بهيئة المجتمعات العمرانية الجديدة - معاون المشرف على مكتب الوزير، بالقيام بأعمال وظيفة مساعد نائب رئيس الهيئة لقطاع الشئون العقارية والتجارية بالإضافة إلى ما يكلف به من أعمال أخرى.
وفي قرار ثالث جرى تكليف المهندس محمد مصطفى أحمد مرسى، رئيس جهاز مدينة 6 أكتوبر، بأعمال وظيفة مساعد نائب رئيس هيئة المجتمعات العمرانية الجديدة لقطاع التخطيط والمشروعات.
ونص قرار رابع على تكليف المهندس محمد عبد الله يوسف محفوظ، رئيس جهاز
، بالعمل رئيساً لجهاز تنمية مدينة 6 أكتوبر، والمهندس ياسر عبد الحليم حسن حسن، رئيس جهاز مدينة السادات، بالعمل رئيساً لجهاز تنمية مدينة حدائق أكتوبر، والمهندس محمد عادل أنور محمد السيد، نائب رئيس جهاز مدينة العلمين الجديدة، بالعمل رئيساً لجهاز تنمية مدينة السادات، والمهندس أحمد حسن محمد قاسم، نائب رئيس جهاز مدينة العلمين الجديدة، بالعمل رئيساً لجهاز تنمية القطاع الأول للساحل الشمالي الغربي، والمهندس مصطفى سيد أحمد محمد، معاون هندسي لرئيس جهاز تنمية مدينة حدائق أكتوبر، بالعمل نائباً لرئيس جهاز تنمية مدينة حدائق أكتوبر.",REAL
,https://www.elwatannews.com/news/details/8168932,elwatan,"ألقى الدكتور مصطفى مدبولي رئيس مجلس الوزراء كلمةً خلال مراسم توقيع عقد شراكة استثمارية مصرية قطرية في نطاق منطقة سملا وعلم الروم بالساحل الشمالي الغربيّ بمحافظة مطروح، عبر شراكة استثمارية بين وزارة الإسكان والمرافق والمجتمعات العمرانية، مُمثلة في هيئة المجتمعات العمرانية الجديدة، وشركة الديار القطرية.
ووقع على العقد المهندس شريف الشربيني، وزير الإسكان والمرافق والمجتمعات العمرانية، وعبدالله بن حمد بن عبدالله العطية وزير البلدية ورئيس مجلس إدارة شركة الديار القطرية، وبحضور أحمد كجوك وزير المالية، والمهندس حسن الخطيب، وزير الاستثمار والتجارة الخارجية، والمهندس علي محمد العلي الرئيس التنفيذي لشركة الديار القطرية، والشيخ حمد بن طلال آل ثاني رئيس قطاع التطوير والمشاريع في آسيا وأفريقيا بشركة الديار القطرية، كما حضر الاحتفالية مجموعة بارزة من الإعلاميين ورؤساء التحرير والصحفيين المصريين وممثلي وسائل الإعلام الأجنبية.
وفي بداية كلمته، رحّب رئيس الوزراء بالوزراء من الجانبين المصري والقطري وبجميع الحضور في الحفل التاريخي لتوقيع اتفاق الشراكة للتنمية المتكاملة لمنطقة من المناطق التي وضعتها مصر على رأس أولويات التنمية وهي منطقة الساحل الشمالي الغربي.
وقال مدبولي: «اسمحوا لي في البداية أن أتوجه أولا بالشكر والتهنئة للسيد الرئيس عبدالفتاح السيسي، رئيس الجمهورية، والشيخ تميم بن حمد آل ثاني، أمير دولة قطر، على نجاحنا في الوصول إلى هذا الاتفاق، والذي لولا توجيهاتهما وحرصهما ومتابعتهما الشخصية، ما كان تحقق هذا الاتفاق على أرض الواقع».
وأضاف رئيس الوزراء: «كانت زيارة السيد الرئيس عبدالفتاح السيسي، رئيس الجمهورية، إلى العاصمة القطرية الدوحة والاتفاق مع الشيخ تميم بن حمد آل ثاني، أمير دولة قطر، على ضخ استثمارات قطرية في مصر، هي البداية لتفعيل هذا المشروع العملاق، كما أشكر الشيخ محمد بن عبدالرحمن، رئيس مجلس الوزراء، وزير الخارجية، على جهوده ومتابعته المستمرة في هذا الملف.
وتابع مدبولي: أود كذلك أن أتقدم بالشكر إلى عبدالله بن حمد العطية وزير البلدية القطري، ورئيس مجلس إدارة شركة الديار القطرية، كما أتوجه بالشكر لزملائي وزراء: المالية والاستثمار والتجارة الخارجية والإسكان والمرافق والمجتمعات العمرانية على جهدهم الكبير في التوصل إلى هذا الاتفاق.
كما توجه رئيس الوزراء بشكر خاص لفريق العمل المجهول الذي شارك في عملية التفاوض التي استمرت على مدار شهور من أجل الوصول إلى هذا الاتفاق الناجح، وهذا الفريق من الجانب القطري قاده الشيخ حمد بن طلال آل ثاني، رئيس قطاع التطوير والمشاريع في آسيا وأفريقيا بشركة الديار القطرية، فيما قادت فريق العمل المصري المهندسة راندة المنشاوي، مساعد أول رئيس مجلس الوزراء، والمستشار شريف الشاذلي، رئيس هيئة مستشاري مجلس الوزراء.
وأكد مدبولي أن فريقي العمل من الجانبين عقدا على مدار الشهور الماضية اجتماعات يومية، وحدث خلال هذه الفترة الكثير من النقاشات والاختلافات، وكنت أتدخل بصورة شخصية لكي نصل إلى ما وصلنا إليه اليوم، قائلا: مرة أخرى أتوجه بالشكر والتقدير للجميع الذين حضروا اليوم للاحتفال بهذا المشروع.
وأضاف: قبل أن أتحدث بالتفصيل عن هذا المشروع الكبير، أود الإشارة إلى أنني قمت اليوم بافتتاح مصنعين كبيرين في مصر، وهنا يجب أن أذكر الجميع أن الدولة قد أعلنت أن الاقتصاد المصري بعد عملية الإصلاح الكبيرة التي نفذتها الحكومة المصرية، ويجب هنا أن نوجه الشكر للمواطن المصري الذي تحمّل معنا إجراءات الإصلاح، كما يقول الرئيس السيسي دائما- الاقتصاد المصري يشهد اليوم انطلاقة كبيرة للغاية من خلال التركيز على أربعة قطاعات رئيسية وهي: الصناعة، والزراعة، والاتصالات وتكنولوجيا المعلومات، بالإضافة إلى قطاع السياحة، مضيفا أنه فيما يخص قطاع الصناعة، نرى بصورة دورية افتتاحات لمصانع جديدة، لافتًا إلى أن قطاع الصناعة، مع زيادة معدلات التصدير، يقود عمليات النمو المتسارعة جنبا إلى جنب مع القطاعات الأخرى.
وأضاف: قطاع الزراعة يحقق أرقاما إيجابية فيما يتعلق بالصادرات الزراعية المصرية، وكذا المشروعات العملاقة التي تقوم بها الدولة مثل مشروعات الدلتا الجديدة وجميع مشروعات الاستصلاح الزراعي الكبيرة التي تضيف ملايين الأفدنة إلى الرقعة الزراعية المصرية، وهو ما سيسهم خلال السنوات القليلة القادمة في تحقيق مردود إيجابي على الاقتصاد المصري وعلى تحقيق الاكتفاء الذاتي.
وفيما يخص قطاع الاتصالات وتكنولوجيا المعلومات، أوضح رئيس الوزراء أنه قطاع يمثل قاطرة تنمية للشباب المصري، مشيرًا إلى أن مصر تتقدم على دول كثيرة في صناعة التعهيد، وموضحًا أن هناك زيارة يوم الأحد القادم لتوقيع 50 مشروعا جديدا مع 50 شركة كبرى ستبدأ في التوسع في العمل في مجال التعهيد.
كما تطرق مدبولي إلى قطاع السياحة، مؤكدًا أن جميع المصريين سعداء للغاية بافتتاح الصرح العالمي ""المتحف المصري الكبير"" والذي يُعد هدية مصر للعالم، تقدمه مصر لكل الإنسانية، مشيرًا إلى ردود الأفعال الإيجابية التي ظهرت خلال هذه الاحتفالية واحتفاء العالم كله بافتتاح المتحف.
واستطرد رئيس الوزراء بعد ذلك للحديث عن زيارته الأخيرة إلى دولة قطر الشقيقة لحضور القمة العالمية الثانية للتنمية الاجتماعية التابعة للأمم المتحدة ، قائلًا: في أثناء حضوري هذه القمة، لا يوجد زعيم أو رئيس مؤسسة قابلته إلا وكانت بداية كلمته تتضمن تهنئة لمصر وللسيد الرئيس عبدالفتاح السيسي رئيس الجمهورية، بافتتاح المتحف المصري الكبير، معربين عن انبهارهم بما شاهدوه وتطلعهم لزيارة المتحف.
وفي سياق متصل أكد رئيس الوزراء أن قطاع السياحة يأتي على قمة الأولويات للدولة المصرية، حيث تركز الحكومة بصورة قوية على تنمية المناطق الساحلية في مصر سواء الساحل الشمالي، أو ساحل البحر الأحمر، بالإضافة إلى المدن الكبرى والتي تتمتع بالتراث، موضحًا أنه وفقًا لرؤية مصر 2030 والمخطط القومي للتنمية العمرانية سيكون الساحل الشمالي المصري قادرا علي استيعاب أكثر من 17 مليون نسمة، قائلا: هذه كانت رؤيتنا لتنمية هذه المنطقة.
وتابع: لذلك تم البدء بمشروعات كبيرة وعملاقة، وكانت البداية بمدينة العلمين الجديدة لتقود عملية التنمية وأن تكون جاذبة للاستثمار الأجنبي المباشر ولتعريف المستثمرين بمقومات الساحل الشمالي، وهو ما حدث بالفعل وبمجرد البدء في تنفيذ مدينة العلمين الجديدة وبمجرد قيام الدولة بالإنفاق على البنية الأساسية لهذه المنطقة، تم تنفيذ مشروعات كبرى جديدة في الساحل الشمالي وتم تشغيلها بالفعل.
وأضاف رئيس الوزراء: نسعد اليوم بتوقيع هذا المشروع الكبير "" علم الروم "" والذي يُعد من أكبر المشروعات العقارية القطرية على مستوى العالم.",REAL
,https://www.elwatannews.com/news/details/8168980,elwatan,"التقى الدكتور مصطفى مدبولي، رئيس مجلس الوزراء، اليوم، بالعاصمة الجديدة، محمد عبد اللطيف، وزير التربية والتعليم والتعليم الفني؛ لاستعراض عدد من ملفات عمل الوزارة.
وخلال اللقاء، استعرض وزير التربية التعليم والتعليم الفني، خطة الوزارة للتوسع في تطوير منظومة المدارس المصرية اليابانية، موضحًا أن العدد الحالي لهذه المدارس وصل إلى 69 مدرسة بعد افتتاح 18 مدرسة جديدة، مما يعكس نجاح التجربة وثقة الدولة في النموذج التعليمي الياباني الذي يركز على تنمية شخصية الطلاب ومهاراتهم الحياتية، مستعرضًا نتائج زيارته الأخيرة إلى اليابان، حيث تم توقيع مذكرة تفاهم لاعتماد شهادة للطلاب الذين يجتازون اختبار ""توفاس""، والتي تصدر بالتعاون بين جامعة هيروشيما ومؤسسة ""سبريكس"" ووزارة التربية والتعليم، مؤكدًا أن هذه الخطوة تمثل تقدمًا كبيرًا نحو الاعتراف الدولي بالمهارات التعليمية للطلاب المصريين.
وأشار السيد محمد بعد اللطيف، إلى انطلاق المرحلة الثانية من البرنامج القومي لتنمية مهارات اللغة العربية، والذي يستهدف ما يقارب نحو نصف مليون طالب وطالبة من الصف الثالث إلى الصف السادس الابتدائي في ألف مدرسة موزعة على عشر محافظات تشمل: «المنيا، البحيرة، كفر الشيخ، الوادي الجديد، قنا، مطروح، الأقصر، بني سويف، بورسعيد والدقهلية».
وأضاف: أن البرنامج يهدف إلى تطوير مهارات الطلاب اللغوية وتعزيز قدراتهم على التعبير والفهم القرائي، فضلًا عن دوره في دعم جهود الدولة لترسيخ الهوية اللغوية والثقافية المصرية، وبناء جيل واعٍ ومتمكن من لغته العربية، باعتبارها أساسًا للمعرفة والابتكار والتواصل الفعال.
كما استعرض الوزير – خلال اللقاء - نتائج جولاته الميدانية التي تضمنت تفقد عدد من المدارس ومتابعة سير العملية التعليمية في مختلف المحافظات، موضحًا أن الهدف من هذه الجولات هو التأكد من انتظام الحضور وتطبيق الإجراءات التعليمية والإدارية داخل الفصول الدراسية، فضلًا عن الاطلاع بشكل مباشر على الواقع الفعلي للمدارس وتحديد احتياجاتها، بالإضافة إلى تعزيز بيئة تعليمية محفزة تقوم على التفاعل، مما يسهم في تنمية مهارات الطلاب التعليمية من خلال اللعب والأنشطة، بالإضافة إلى ترسيخ قيم الانضباط والالتزام في البيئة المدرسية.",REAL
,https://www.elwatannews.com/news/details/8168981,elwatan,"أشاد اللواء محمد صلاح أبو هميلة، رئيس الهيئة البرلمانية لحزب الشعب الجمهوري بمجلس النواب، الأمين العام للحزب، بتوقيع الصفقة الاستثمارية القطرية المصرية اليوم والتي تمت بتوقيع عقد شراكة بين شركة الديار القطرية وهيئة المجتمعات العمرانية، وذلك لتنفيذ مشروع تطوير وتنمية مساحة 4900 فدان في منطقة سملا وعلم الروم بالساحل الشمالي الغربي بمحافظة مطوح، موضحا أن الشركة القطرية ستضخ استثمارات بنحو 29.7 مليار دولار وستحصل هيئة المجتمعات العمرانية على حصة نقدية وعينية من المشروع.
وأضاف أبو هميلة، أن المشروع استثماري سياحي ضخم، يتضمن إنشاء مجمعات وأحياء سكنية راقية ومشروعات سياحية وترفيهية، وبحيرات صناعية مفتوحة، وملاعب جولف، ومارينا سياحي دولي، و2 مارينا محلية داخلية، وغيرها، موضحا أن هذه الصفقة تعد ثاني أكبر صفقة استثمارية بعد صفقة
التي تمت العام الماضي، مضيفا أنها تعكس نجاح الدولة المصرية في جذب الاستثمارات العالمية في المناطق الساحلية خاصة الساحل الشمالي والبحر المتوسط، موضحا أن المشروع سيعزز من جاذبية المنطقة للاستثمارات الأجنبية، كما يؤكد عمق العلاقات والشراكة الاقتصادية بين مصر وقطر وهي تمهد لشراكات استراتيجية وجذب استثمارات قطرية وخليجية جديدة خلال الفترة المقبلة.
وأشار أبو هميلة، إلى أن المشروع السياحي الضخم يحفز الاستثمارات الأجنبية ويوفر فرص العمل المباشرة وغير المباشرة، وينشيط حركة السياحة الداخلية والخارجية، ويعزز البنية التحتية في واحدة من أكثر المناطق الواعدة في مصر، ويعكس الثقة في الاقتصاد الوطني وقدرته على تحقيق النمو، وهي تؤكد قدرة الدولة على جذب المزيد من الاستثمارات الأجنبية المباشرة وأنها أصبحت وجهة مفضلة للمستمرين الأجانب، موضحا أن هذا النوع من الشركات الاقتصادية يوفر الآلاف من فرص العمل ويحفز الاقتصاد الوطني ما سيكون له تأثير إيجابى على مستوى المعيشة، كما أنه يحفز
ويرفع من مستوى الإنتاجية، إضافة إلى أن دخول 3.5 مليار دولار للاحتياطي النقدي الأجنبي يسهم في تراجع سعر صرف الدولار وارتفاع قيمة العملة المحلية.",REAL
,https://www.elwatannews.com/news/details/8168978,elwatan,"أكد الدكتور أحمد الشرقاوي، وكيل قطاع المعاهد الأزهرية، أن تنوع المذاهب والمدارس الفكرية مصدر ثراء للأمة وليس سببًا للفرقة، مشيرًا إلى أن هذا التنوع دليل على سعة الشريعة ورحمتها.
وأوضح خلال الندوة الدولية المشتركة بين الأزهر الشريف و
بعنوان «تجارب رائدة وآفاق مستقبلية في تعزيز قيم الاعتدال والوسطية» أن بعض الأحداث حولت هذا الثراء الفكري إلى نزاعات مذهبية شوهت مفهوم الوسطية، مؤكدًا أن الدفاع عن الوسطية هو دفاع عن وحدة الأمة.
وأشار إلى أن الأزهر والشؤون الإسلامية بالسعودية يقودان مشروعًا فكريًا متوازنًا يعيد للدين وجهه المشرق، ويعزز قيم التسامح والاعتدال، موضحًا أن الاختلاف في الرأي لا يفسد الأخوة الإنسانية، بل يثري الفكر ويقوي الوحدة.
وشدد «الشرقاوي» على أن الوسطية ليست تساهلًا ولا تمييعًا، بل فقه دقيق يدرك أن الجمود خيانة لروح الشريعة، مؤكدًا أن الإسلام دين رحمة وعدل، جاء لإعمار الأرض وتحقيق مصالح العباد.
وكشف عن تنظيم
مؤتمرًا للحوار الإسلامي – الإسلامي في أبريل المقبل بالتعاون مع مجلس حكماء المسلمين، استكمالًا لجهوده في لمّ الشمل ونشر الفكر الوسطي، مؤكدًا أن المستقبل مرهون بجيل يجمع بين الأصالة والمعاصرة ويجعل من الوسطية منهج حياة.",REAL
,https://www.elwatannews.com/news/details/8168958,elwatan,"أعلنت وزارة الثقافة بحث التفاصيل النهائية الخاصة بترتيبات انطلاق فعاليات الدورة السادسة والأربعين من مهرجان القاهرة السينمائي الدولي، خلال الفترة من 12 حتى 21 نوفمبر الجاري، وما تتضمنه الدورة الجديدة من فعاليات وبرامج واحتفاءات سينمائية تُجسّد مكانة القاهرة كعاصمة للفن والإبداع.
وأعرب الفنان حسين فهمي رئيس المهرجان، عن خالص تقديره لاهتمام ودعم
، مؤكدًا أن هذا الدعم يمثل حجر الأساس في نجاح المهرجان واستمراره كمنصة فنية عالمية ذات هوية مصرية أصيلة، كما استعرض الترتيبات النهائية الخاصة بحفل الافتتاح وحضور الضيوف من حول العالم، إلى جانب البرامج الفنية وعروض الأفلام المشاركة في المسابقة الرسمية.
وأشار رئيس المهرجان، في بيان صحفي، إلى أن الدورة 46 ستشهد تطويرًا في آليات التنظيم والعرض، بما يواكب أحدث التوجهات في
عالميًا، مع حرص إدارة المهرجان على تعزيز مشاركة الشباب والفنانين المستقلين، وفتح آفاق جديدة للحوار بين الأجيال الفنية المختلفة بما يُثري المشهد السينمائي المصري والعربي، مؤكدا أن مهرجان القاهرة السينمائي الدولي سيظل علامة مضيئة في مسيرة الإبداع المصري، وجسرا للتواصل الحضاري والإنساني بين مصر والعالم.",REAL
,https://www.elwatannews.com/news/details/8168954,elwatan,"أكد النائب محمد مظلوم، عضو مجلس الشيوخ، أن مشروع علم الروم يعكس نجاح الحكومة المصرية في جذب الاستثمارات العالمية الكبرى، خاصة في المناطق الواعدة مثل الساحل الشمالي الغربي ومنطقة البحر المتوسط.
وأوضح مظلوم، أن هذا
المباشر يعزز الاحتياطي النقدي ويقلل الاعتماد على التمويل الخارجي، كما يخلق فرص عمل جديدة ويدعم التنمية السياحية والبنية التحتية.
وأشار عضو مجلس الشيوخ، إلى أن المنطقة المستهدفة
كانت حتى الآن غير مطوّرة بشكلٍ كبير، ما يجعل هذا المشروع فرصة لتفعيل التنمية السياحية في محافظات الساحل الشمالي.",REAL
,https://www.elwatannews.com/news/details/8168989,elwatan,"رصدت الإدارة العامة لحماية الآداب بقطاع الشرطة المتخصصة، نشر صانعتي محتوى مقاطع فيديو على صفحاتهما بمواقع التواصل الاجتماعي، تضمنت رقصا بصورة خادشة للحياء، بهدف جذب المشاهدات وتحقيق أرباح مالية.
وعقب تقنين الإجراءات، جرى ضبط المذكورتين حال تواجدهما بدائرة قسم شرطة حدائق أكتوبر بمحافظة الجيزة، وبمواجهتهما أقرتا بارتكاب الواقعة على النحو المشار إليه.
جرى اتخاذ الإجراءات القانونية اللازمة، في إطار جهود وزارة الداخلية لمواجهة الممارسات التي تخالف القيم العامة على منصات التواصل الاجتماعي.",REAL
,https://www.elwatannews.com/news/details/8168987,elwatan,"اختتمت اليوم فعاليات البرنامج التدريبي لمطبقي المبيدات بمحافظة كفر الشيخ - نسخة نوفمبر 2025، تحت رعاية علاء الدين فاروق، وزير الزراعة واستصلاح الأراضي، واللواء الدكتور علاء عبدالمعطي، محافظ كفر الشيخ، وبإشراف الدكتور أحمد عضام، رئيس قطاع الخدمات الزراعية والمتابعة، ومتابعة الدكتور محمد شطا، رئيس الإدارة المركزية لشؤون المديريات.
وشهد ختام البرنامج حضور المهندس فخري منصور باز، وكيل وزارة الزراعة بكفر الشيخ، الذي أشار في كلمته إلى أهمية هذه البرامج التدريبية ضمن خطة الوزارة لرفع كفاءة المتدربين وتأهيلهم علميًا وعمليًا للعمل الميداني الآمن في مجال مكافحة الآفات.
وأوضح وكيل الوزارة، أن البرنامج يأتي في إطار اهتمام وزارة الزراعة بإعداد جيل من المطبقين المؤهلين علميًا وعمليًا، قادرين على الاستخدام الآمن والمسؤول للمبيدات، بما يدعم منظومة المكافحة المتكاملة للآفات الزراعية، مشيدًا بالتفاعل الإيجابي الكبير من المتدربين، مشددًا على ضرورة استمرار مثل هذه البرامج لضمان تحقيق أعلى مستويات السلامة والكفاءة في استخدام المبيدات.
كما طالب وكيل وزارة الزراعة، بأهمية المرور الميداني اليومي على الزراعات الحقلية لمتابعة حالة
، وتنفيذ التوصيات الفنية الخاصة بكل محصول خلال هذه الفترة، مع دعم المزارعين بأحدث المستجدات الزراعية الصادرة عن الوزارة، بما يضمن تحقيق أعلى إنتاجية.
وفي سياق متصل، وجّه وكيل الوزارة، بضرورة الالتزام بضوابط صرف الأسمدة واستمرار إيقاف صرف مستلزمات الإنتاج للمعتدين على الأراضي الزراعية، محذرًا من فرض أي رسوم إضافية على شيكارة الأسمدة أو ربط صرفها بشراء مستلزمات أخرى من الجمعيات الزراعية.
كما أكد وكيل وزارة الزراعة بكفر الشيخ، على ضرورة الإعلان الواضح عن المقررات السمادية بلوحات الإعلانات في الجمعيات الزراعية، مع إدراج أسماء المخالفين بالتعدي على الأراضي الزراعية ضمن منظومة «كارت الفلاح»، إلى جانب متابعة أعمال تجميع القطن وأعمال تطهير المجاري المائية خلال فترة ما قبل موسم الزراعة الشتوية، لضمان انسياب المياه ووصولها إلى نهايات الترع دون أزمات.
ولفت وكيل الوزارة، إلى استمرار تقديم الدعم الفني والإرشاد الميداني للمزارعين ومتابعة حالة الزراعات بشكل مستمر لتحقيق التنمية الزراعية المستدامة ب
.",REAL
,https://www.elwatannews.com/news/details/8168982,elwatan,"كشفت أجهزة وزارة الداخلية ملابسات مقطع فيديو تم تداوله عبر مواقع التواصل الاجتماعي، أظهر أحد الأشخاص أثناء قيامه بتحصيل مبالغ مالية من قائدي السيارات نظير انتظارهم بمحيط أحد الشوارع بدائرة قسم شرطة العجوزة بمحافظة الجيزة، دون وجه حق.
وبالفحص، تبين عدم ورود بلاغات رسمية بشأن الواقعة، وتمكنت الأجهزة الأمنية من تحديد وضبط الشخص الظاهر فى الفيديو، وتبين أنه يمارس مهنة منادي سيارات بدون ترخيص، ومقيم بمحافظة القليوبية.
وبمواجهته، أقر بارتكاب الواقعة على النحو المشار إليه، وتم اتخاذ الإجراءات القانونية اللازمة حياله، في إطار جهود وزارة الداخلية لضبط المخالفات التي تمس النظام العام واستغلال المواطنين.",REAL
,https://www.elwatannews.com/news/details/8168927,elwatan,"ارتفعت أسعار الذهب في الأسواق المحلية والعالمية خلال تعاملات اليوم الخميس، مع تراجع الدولار الأمريكي من أعلى مستوياته في خمسة أشهر، في ظل استمرار الإغلاق الحكومي الأمريكي وتصاعد القلق من التداعيات الاقتصادية والسياسية المترتبة عليه، وفقًا لتقرير صادر عنمنصة «آي صاغة» لتداول الذهب والمجوهرات.
وقال سعيد إمبابي، المدير التنفيذي للمنصة، إن
بالسوق المحلية سجل عيار 21 مستوى 5340 جنيهًا، بينما سجلت الأوقية عالميًا 4005 دولارًا.
وأضاف أن عيار 24 سجل 6103 جنيهًا، وعيار 18 بلغ 4577 جنيهًا، فيما استقر سعر الجنيه الذهب عند 42720 جنيهًا.
وأوضح التقرير أن المعدن الأصفر استعاد المستوى النفسي 4000 دولار للأوقية، مدفوعًا بضعف الدولار ومخاوف المستثمرين من استمرار أطول إغلاق حكومي في تاريخ الولايات المتحدة، ما يعزز الطلب على الذهب كملاذ آمن.
كما يترقب المستثمرون تصريحات عدد من مسؤولي
لاحقًا اليوم لاستكشاف ملامح السياسة النقدية المقبلة.
وأظهرت بيانات التوظيف الأمريكية الصادرة عن مؤسسة ADP زيادة مفاجئة بواقع 42 ألف وظيفة في أكتوبر، مقارنة بانخفاض 29 ألف وظيفة في الشهر السابق، ما دعم الرأي القائل بأن الاحتياطي الفيدرالي قد يتريث في خفض الفائدة خلال ديسمبر.
ووصف ستيفن ميران، عضو مجلس الاحتياطي الفيدرالي، تلك البيانات بأنها ""مفاجأة سارة""، مشيرًا في الوقت نفسه إلى ضرورة تبني سياسة نقدية أكثر مرونة، محذرًا من أن الإبقاء على السياسة الحالية ""يُعرّض الاقتصاد لمخاطر غير ضرورية"".
ويأتي ذلك وسط انقسام داخل الفيدرالي حول وتيرة خفض الفائدة، إذ خفّض البنك المركزي الأمريكي الأسبوع الماضي سعر الفائدة بمقدار ربع نقطة مئوية للمرة الثانية على التوالي، في ظل إشارات إلى تباطؤ سوق العمل.
في المقابل، أظهر تقرير مجلس الذهب العالمي الصادر في 5 نوفمبر ارتفاع الطلب على الذهب في الولايات المتحدة بنسبة 58% على أساس سنوي إلى 186 طنًا خلال الربع الثالث، مدفوعًا بتدفقات قياسية إلى صناديق الاستثمار المتداولة المدعومة بالذهب، التي أضافت 137 طنًا، أي 62% من التدفقات العالمية،كما بلغت أحجام التداول في بورصة كومكس وصناديق الذهب الأمريكية مستوى قياسيًا بلغ 208 مليارات دولار يوميًا في أكتوبر.
وفي تقرير منفصل، كشف مجلس الذهب العالمي أن البنوك المركزية سجلت صافي مشتريات بلغ 39 طنًا في سبتمبر، لتصل مشترياتها منذ بداية العام إلى 200 طن، وتصدرت البرازيل القائمة بـ15 طنًا، تلتها كازاخستان وجواتيمالا.
إقليميًا، نقلت «بلومبرج» عن مصادر أن كمبوديا تخطط لتخزين جزء من احتياطياتها الذهبية في قبو بورصة شنجهاي للذهب بمنطقة شنتشن الحرة، في خطوة تُبرز توجه عدد من الدول لتنويع احتياطياتها بعيدًا عن المراكز التقليدية مثل لندن.
ورغم التوترات السياسية والاقتصادية، يظل الذهب في موقع دفاعي قوي كملاذ آمن، مدعومًا بتراجع الدولار وتنامي الغموض بشأن السياسة النقدية الأمريكية، بينما تحد مكاسب الأسهم العالمية من أي ارتفاعات حادة للمعدن النفيس.",REAL
,https://www.elwatannews.com/news/details/8168921,elwatan,"كشف الدكتور حسام العجمي الخبير في مجال الذهب بمؤسسة جولد بيليون، عن توقعات أسعار الذهب خلال الفترة اللمقبلة عقب صفقة قطر لتطوير منطقة «علم الروم» على ساحل البحر المتوسط، بقيمة استثمارية تقترب من 30 مليار دولار، موضحا أن سوق المعدن الأصفر يتأثر بشكل مباشر بالسعر العالمي للذهب لوجود رابط مشترك بين السوقين، أما ضخ الاستثمارت متثل الصفقة القطريية التي وقعت خلال الساعات القليلة الماضية سيكون لها مردود إيجابي على الاقتصاد المصري بشكل عام.
وقال العجمي في تصريحات لـ «الوطن»، إنّ صفقة
سيكون لها تأثير مباشر في القطاع المصرفي وتخفيف الضغوط على العملة الصعبة، وكذلك في سوق الذهب سيكون من العوامل الإيجابية التي تساهم في استقرار أسعار الذهب المحلي.
وأشار إلى أن هذا المشروع ينضم للصفقات الاستثمارية الضخمة التي تشهدها مصر مؤخراً، وقد يكون لها أثرا على أسواق الذهب من باب ضخ المزيد من الاستثمارات بالعملة الصعبة في السوق وبالتالي سيعدل وضع احتياطات العملات الأجنبية، وهو أمر يؤدي إلى استقرار وقوة في أداء الجنيه المصري أمام الدولار وبالتالي انخفاض قيمة الدولار.
وأوضح أن تحركات الذهب بشكل عام تتأثر بشكل مباشر بتحركات سعر أونصة الذهب العالمي خاصة بعد المستويات التاريخية التي جرى تسجيلها، وبالتالي
قد لا يكون لها تأثيرا مباشرا على سوق الذهب على عكس تأثيرها على الدولار، مثل ما حدث مع صفقة رأس الحكمة التي جاءت في توقيت حاسم بالنسبة لوضع الاقتصاد المصري، وإن حدث تأثير سيكون لمزيد من استقرار أسواق الذهب دون تغيرات حادة وعشوائية كما شاهدنا في السنوات السابقة.
وخلال تحديثات أسعار الذهب عقب توقع الصفقة القطرية، تراجعت أإسعار الذهب بسبب تراجع سعر الدولار أمام الجنيه وكذلك تراجع السعر العالمي للأوقية.
وسجل
عيار 24 تراجع بقيمة 8 جنيهات ليسجل الأن 6106 جنيهات للشراء، وانخفض عيار 21 بقيمة 7 جنيهات ليسجل الأن 5343 جنيها للجرام، كما تراجع عيار 18 بقيمة 6 جنيهات ليسجل 4580 جنيها للجرام.",REAL
,https://www.elwatannews.com/news/details/8168877,elwatan,"قال الدكتور أشرف غراب الخبير الاقتصادي ونائب رئيس الاتحاد العربي للتنمية الاجتماعية بجامعة الدول العربية لشؤون التنمية الاقتصادية، إنّ الصفقة الاستثمارية القطرية على غرار صفقة رأس الحكمة، والتي شهدت توقيع عقد شراكة بين شركة الديار القطرية وهيئة المجتمعات العمرانية، لتنفيذ مدينة قطرية مصرية في منطقة علم الروم بالبحر المتوسط على مساحة تبلغ نحو 4900 فدان، تشهد ضخ استثمارات بنحو 29.7 مليار دولار، وتحصل هيئة المجتمعات العمرانية على حصة نقدية وعينية من المشروع.
أوضح غراب، أنّ المشروع الاستثماري السياحي الضخم عبارة عن مدينة متكاملة تشمل أنشطة سياحية وترفيهية وسكنية وخدمات عالمية، لافتا إلى أنّ الصفقة التي تأتي بعد صفقة رأس الحكمة، تؤكد نجاح الدولة في جذب الاستثمارات العالمية في المناطق الساحلية خاصة الساحل الشمالي والبحر المتوسط.
وأضاف أنّ المشروع سيعزز جاذبية المنطقة للاستثمارات الأجنبية، ويؤكد عمق العلاقات والشراكة الاقتصادية بين مصر وقطر، ويمهد لشراكات استراتيجية وجذب استثمارات قطرية وخليجية جديدة خلال الفترة المقبلة.
وأشار إلى أنّ
الاستثمارية دفعة قوية للبيئة الاستثمارية في مصر، تععكس الثقة في الاقتصاد الوطني وقدرته على تحقيق النمو، وتؤكد قدرة البلاد على جذب المزيد من الاستثمارات الأجنبية المباشرة، وأنّها أصبحت وجهة مفضلة للمستمرين الأجانب.
وتابعت أنّ هذا النوع من الشركات الاقتصادية الذي يعمل على نقل الخبرات والتكنولوجيا المتطورة في مجالات الطاقة، كما سيوفر الآلاف من فرص العمل وينشط سوق مواد البناء في مصر ما سيكون له تأثير إيجابي على مستوى المعيشة، ويحفز الاقتصاد الوطني ويرفع مستوى الإنتاجية.
وتابع غراب، أنّ المشروع سيفتح الباب أمام إقامة مشروعات أخرى في قطاعات الطاقة المتجددة والغاز، ما يسهم في تحقيق التنوع الاقتصادي الذي تسعى إليه مصر، إضافة إلى أنّ الصفقة تحفز وتدفع عجلة النمو الاقتصادي في مصر وتحقق التنمية المستدامة، كما أنّ
تعزز قدرة مصر على الاستفادة من مواردها الطبيعية على البحر المتوسط، كما سيكون له تأثير كبير على تعزيز البنية التحتية وفتح أبواب الفرص الاقتصادية في المنطقة، ويحفز القطاع الخاص على المشاركة في تنفيذ المشروعات الكبرى، ما يرفع كفاءة الإنتاج في مختلف القطاعات، خاصة الطاقة والسياحة والخدمات المصاحبة.
ولفت إلى أنّ توقيع المزيد من الصفقات الاستثمارية وزيادة ضخ الاستثمارات العربية والأجنبية في مصر يمثل رسالة قوية للعالم الخارجي بشأن قوة الاقتصاد المصري واستقراره، وثقة المستثمرين والأشقاء العرب في الاقتصاد المصري.
وأضاف أنّ دخول الاستثمارات تسهم في زيادة الاحتياطي النقدي الأجنبي ما يسهم في استقرار سعر صرف الدولار وتراجعه تدريجيا وارتفاع قيمة العملة المحلية نتيجة توافر سيولة دولارية ستؤدي إلى دعم قدرة الاقتصاد المصري على الوفاء بالتزاماته الدولية، كما ستخفف الضغوط المالية، إضافة إلى دور الاستثمارات في فتح مشروعات تخلق فرص عمل للشباب وتخفض من معدل البطالة.",REAL
,https://www.elwatannews.com/news/details/8168942,elwatan,"شهد سعر الدولار اليوم مقابل الجنيه المصري، تراجع الآن في البنوك إلى مستويات تتراوح بين 47.3 جنيه للشراء و47.4 جنيه للبيع اليوم الخميس 6-11-2025، وتزامن هذه الانخفاض في سعر الدولار أمام الجنيه، مع توقيع مشروع عقد شراكة استثمارية كبرى بين مصر وقطر لتنمية وتطوير منطقة «علم الروم» بمحافظة مطروح.
وشهد رئيس مجلس الوزراء الدكتور مصطفى مدبولي، اليوم الخميس 6 نوفمبر 2025، توقيع عقد شراكة بين هيئة المجتمعات العمرانية الجديدة، وشركة الديار القطرية ، لتنفيذ مدينة قطرية مصرية بمنطقة «علم الروم» بمحافظة مطروح.
وقال رئيس مجلس الوزراء الدكتور مصطفى مدبولي، إن هذا المشروع شراكة بين مصر وقطر، وستحصل مصر على 3.5 مليار دولار آخر ديسمبر قيمة أرض علم الروم البالغة، وحصة عينية من الوحدات السكنية في حدود 397 ألف متر مربع قيمتها 1.8 مليار دولار، بالإضافة إلى 15% من صافي أرباح المشروع بعد استرداد تكاليف المشروع.
وفيما يلي
اليوم مقابل الجنيه المصري، اليوم الخميس 6-11-2025، وفق المواقع الرسمية لعدد من البنوك العاملة ضمن القطاع المصرفي المصري
بلغ سعر الدولار اليوم أمام الجنيه المصري في البنك الأهلي المصري، مستوى 47.3 جنيه للشراء و47.4 جنيه للبيع.
فيما سجل
اليوم أمام الجنيه المصري في بنك مصر، مستوى 47.31 جنيه للشراء و47.41 جنيه للبيع.
وقال الدكتور محمد أنيس، الخبير الاقتصادي، إن تواجد شركة الديار العقارية في مصر وتحديدًا بمنطقة الساحل الشمالي، يمثل استثمار أجنبي مباشر، واستهداف هذا المشروع لعملاء السوق المحلي وكذلك عملاء شركة الديار، مما يضيف أيضًا إيرادات دولارية بخلاف القيمة الاستثمارية للمشروع.
وأضاف أنيس، في تصريحات لـ«الوطن»، أن القيمة المضافة إلى مصر أيضًا بعد توقيع هذا المشروع، دعم قطاع السياحة من خلال إقامة مدينة سياحية جديدة تحقق إيرادات دولارية مستدامة لاحقة، بالإضافة إلى توفير فرص العمل أثناء تنفيذ المشروع وكذلك بعد بدء تشغيل المشروع.
وأكد الخبير الاقتصادي، على أن سعر الدولار لن يتأثر بشكل ملحوظ بعد توقيع المشروع، مشيرًا من وجهة نظره إلى أن السعر المتوازن «العادل» للدولار عند مستوى 48 جنيهًا.
ووصل سعر الدولار اليوم أمام الجنيه المصري في البنك التجاري الدولي 47.3 جنيه للشراء و47.4 جنيه للبيع.
فيما يتداول سعر الدولار اليوم مقابل الجنيه المصري في بنك الإسكندرية عند 47.3 جنيه للشراء و47.3 جنيه للبيع.
وبلغ سعر الدولار أمام الجنيه المصري في المصرف المتحد، 47.3 جنيه للشراء و47.4 جنيه للبيع.
وسجل صافي الاحتياطيات الدولية 49,533.5 مليون دولار أمريكي في نهاية سبتمبر 2025.",REAL
,https://www.elwatannews.com/news/details/8168859,elwatan,"التقى المهندس محمد شيمي، وزير قطاع الأعمال العام، صباح اليوم، اللواء أشرف الجندي، محافظ الغربية، وذلك في مستهل زيارته لشركة مصر للغزل والنسيج بالمحلة الكبرى، إحدى شركات القابضة للقطن والغزل والنسيج والملابس التابعة لوزارة قطاع الأعمال العام، في إطار المتابعة المستمرة للمشروع القومي لتطوير صناعة الغزل والنسيج.
وخلال اللقاء، تناول الوزير والمحافظ العديد من الموضوعات محل الاهتمام المشترك، ومشروعات التطوير التي تنفذها عدد من الشركات التابعة للوزارة في نطاق المحافظة، وفي مقدمتها تطوير شركة غزل المحلة، الذي يواصل التنفيذ بالمرحلة الثانية من التطوير بعد الانتهاء من تنفيذ وتشغيل المرحلة الأولى في نهاية ديسمبر 2024، والتي شملت عددا من المصانع الجديدة، وذلك بحضور الدكتور أحمد شاكر العضو المنتدب التنفيذي للشركة القابضة
، والمهندس أحمد بدر العضو المنتدب لشركة غزل المحلة، وعدد من قيادات الوزارة والشركة القابضة.
أكد المهندس محمد شيمي أن شركة مصر للغزل والنسيج بالمحلة الكبرى تعد واحدة من أكبر وأهم القلاع الصناعية الوطنية، وتمثل جانبا كبيرا من المشروع القومي لتطوير صناعة الغزل والنسيج، الذي توليه الدولة أهمية خاصة، حيث تستحوذ شركة غزل المحلة على نحو 40% من إجمالي استثمارات المشروع، ما يبرز أهميتها الاستراتيجية في استعادة الريادة المصرية في هذه الصناعة، مشيراً إلى أن المصانع الجديدة بالشركة تعمل وفق أحدث التكنولوجيات وتحقق أعلى معايير الجودة العالمية، بما يتيح توجيه غالبية الإنتاج للتصدير للأسواق الدولية، ويعكس مكانة المنتج المصري على الساحة العالمية.
من جانبه، أعرب اللواء أشرف الجندي عن فخره بشركة مصر للغزل والنسيج بالمحلة الكبرى، مؤكداً أنها قلعة الصناعة المصرية ورمز لتاريخها العريق، مشيداً بالجهود المبذولة في تطويرها بدعم الدولة بقيادة فخامة الرئيس عبدالفتاح السيسي، ومثمناً متابعة وزير
العام المستمرة وحرصه على استعادة مكانة الشركة وتعزيز قدرتها التنافسية.",REAL
,https://www.elwatannews.com/news/details/8168986,elwatan,"قال أمجد الشوا مدير شبكة المنظمات الأهلية الفلسطينية، إنّ ما يدخل إلى قطاع غزة من مساعدات لا يتجاوز ما بين 20 و30% من الاحتياجات الفعلية للمواطنين، موضحًا أن استمرار الحصار الإسرائيلي المشدد ومنع دخول المساعدات الإنسانية يفاقمان الأزمة المعيشية في القطاع بشكل خطير.
وأضاف «الشوا»، في مداخلة مع الإعلامي محمد عبيد، عبر قناة «القاهرة الإخبارية»، أن الكميات التي وصلت حتى الآن لا توازي حجم المأساة التي يعيشها
منذ أشهر.
وأوضح أن أزمة الإيواء تمثل التحدي الأكبر في الوقت الراهن، إذ لم يدخل سوى بضعة آلاف من الخيام رغم حاجة القطاع إلى أكثر من 300 ألف خيمة لإيواء المتضررين واستبدال الخيام المهترئة، مشيرًا إلى أن نحو 1.5 مليون مواطن فقدوا منازلهم جراء العدوان الإسرائيلي المستمر.
وأشار إلى أن قطاع غزة على أعتاب فصل الشتاء، ما يزيد من خطورة الأوضاع الإنسانية، خاصة في ظل النقص الحاد في الأغطية والملابس والفُرش، مؤكدًا أن الاحتلال يمنع دخول المساعدات الخاصة بـ
رغم وجود نحو 600 شاحنة تنتظر على الحدود منذ فبراير الماضي، كما يمنع دخول آلاف الشاحنات التابعة للمنظمات الدولية.",REAL
,https://www.elwatannews.com/news/details/8168964,elwatan,Not found,REAL
,https://www.elwatannews.com/news/details/8168939,elwatan,"أصدر وزراء خارجية مصر والجزائر وتونس بيانًا ختاميًا بشأن اجتماعهم حول ليبيا فيما يُعرف بـ(آلية دول الجوار الثلاثية) والتي عُقدت في الجزائر، وذلك في إطار الحرص الدائم على تعزيز التشاور والتنسيق بين مصر والجزائر وتونس، حيث استضافت الجزائر أمس الخميس 6 نوفمبر 2025 ويندرج هذا الاجتماع في إطار التزام الدول الشقيقة الثلاث بتنسيق جهودها وتعزيز مساعيها من أجل المساهمة في إعادة إحياء المسار السياسي الرامي إلى إنهاء الأزمة الليبية، وإنجاح عملية التسوية السياسية السلمية لهذه الأزمة تحت رعاية الأمم المتحدة، بما فيها خارطة الطريق الأممية المقترحة.
وجدد الوزراء التأكيد على مواقف بلدانهم المبدئية الرافضة لكل أشكال التدخلات الخارجية في الشأن الداخلي الليبي، باعتبارها من المسببات الرئيسية في إطالة أمد الأزمة وتعميق حالة الانقسام السياسي والمؤسساتي، وتقويض فرص نجاح العملية السياسية وتهديد أمن واستقرار ليبيا ودول الجوار على حد سواء، كما شددوا على ضرورة انسحاب المرتزقة والمقاتلين الأجانب من جميع أنحاء البلاد، والعمل على تثبيت اتفاق وقف إطلاق النار ودعم عمل اللجنة العسكرية المشتركة، وإعادة توحيد المؤسسات العسكرية والأمنية.
وأكد الوزراء على أهمية استمرار التنسيق بين الدول الثلاث والأمم المتحدة في التعاطي مع مختلف المستجدات التي تشهدها الساحة الليبية لضمان المساهمة الفعلية لها في الدفع بالعملية السياسية، وأن أي مبادرات تستهدف مصلحة الشعب الليبي يجب أن تتم بالتنسيق مع منظمة الأمم المتحدة وجامعة الدول العربية والاتحاد الإفريقي، كما عبَّروا عن استعدادهم لمواصلة الوقوف إلى جانب الشعب الليبي في تجسيد تطلعاته المشروعة في الأمن والاستقرار والتنمية، معربين عن تقديرهم للدور الذي تضطلع به الجزائر في مجلس الأمن الأممي في المرافعة عن محددات هذا الموقف المشترك، لا سيما ما بادرت به من جهود ومساع من أجل تسليط الضوء على المسؤولية التي تقع على المجموعة الدولية في وقف إهدار مقدرات الشعب الليبي وضمان حسن إدارة أصوله المالية المجمدة.
وأعربت تونس ومصر عن خالص شكرهما للجزائر على الاستضافة الكريمة لهذا الاجتماع، واتفق الوزراء على عقد الاجتماع المقبل لهذه الآلية بتونس في تاريخ يتم التوافق عليه لاحقا عبر القنوات الدبلوماسية.",REAL
,https://www.elwatannews.com/news/details/8168922,elwatan,"تواصل البعثات الدبلوماسية والقنصليات المصرية حول العالم استعداداتها لاستقبال المواطنين المصريين يومي7 و8 نوفمبر (للمرحلة الأولى) و21 و22 نوفمبر (للمرحلة الثانية) للإدلاء بأصواتهم في انتخابات مجلس النواب 2025.
وأوضحت وزارة الخارجية والهجرة وشؤون المصريين بالخارج، أنه جرى تجهيز 139 لجنة انتخابية فرعية في 117 دولة حول العالم، وتوفير جميع التسهيلات اللازمة داخل اللجان الانتخابية لضمان سير العملية الانتخابية بسلاسة ويسر، بما يضمن استيعاب أكبر عدد ممكن من الجاليات المصرية بالخارج، وإتاحة الفرصة أمام المواطنين للمشاركة، كما جرى إعداد غرفة عمليات بمقر وزارة الخارجية تعمل على مدار الساعة بالتعاون مع الهيئة الوطنية للانتخابات.
وفي إطار الاستعدادات للانتخابات، كلف الدكتور بدر عبد العاطي
، السفير نبيل حبشي نائب وزير الخارجية للهجرة وشئون المصريين بالخارج، بتولي التنسيق مع الهيئة الوطنية للانتخابات لإدارة ملف الانتخابات، إذ جرى عقد سلسلة من الاجتماعات الدورية خلال الفترة الماضية مع مسؤولي الهيئة بمشاركة السفراء رؤساء البعثات المصرية بالخارج، الذين يشرفون على اللجان الانتخابية الفرعية بالخارج، جرى خلالها استعراض الإجراءات التنظيمية لتصويت المصريين في الخارج، وممارسة حقهم الدستوري في المشاركة السياسية.",REAL
,https://www.elwatannews.com/news/details/8168438,elwatan,"كشفت قناة النادي الأهلي، آخر التطورات الجديدة بشأن خماسي الفريق الأحمر المصاب إمام عاشور، وأشرف داري، وحسين الشحات، وأحمد رضا، إلى جانب محمد شريف، قبل اللقاء المرتقب أمام سيراميكا كليوباترا، في الدور نصف النهائي من بطولة كأس السوبر المصري، المقرر إقامته في الإمارات.
وقال مراسل قناة النادي الأهلي في أبو ظبي، في تصريحات تليفزيونية: «الأمور إيجابية بشأن محمد شريف، وأحمد رضا، إذ من المقرر انضمام الثنائي لقائمة الفريق الأحمر لمباراة سيراميكا كليوباترا».
وأضاف: «بالنسبة للثلاثي
، وإمام عاشور، بالإضافة إلى أشرف داري، فالثلاثي خارج قائمة الفريق الأحمر لمباراة سيراميكا كليوباترا، رغم مٌشاركة إمام عاشور في تدريبات الفريق».
وجاءت مشاركة إمام عاشور، بعدما أنهى برنامجه التأهيلي بنجاح، تحت إشراف الجهاز الطبي، ما يؤكد جاهزيته الكاملة للعودة إلى المشاركة في اللقاءات المقبلة، وفق رؤية الجهاز الفني بقيادة ييس توروب.",REAL
,https://www.elwatannews.com/news/details/8168440,elwatan,"أعلنت الشعبة العامة للذهب والمجوهرات باتحاد الغرف التجارية، تحديثا جديدا في أسعار الذهب اليوم الأربعاء 5-11-2025 في الأسواق المحلية والعالمية، ليُسجل سعر جرام الذهب عيار 21 الآن بدون مصنعية أو دمغة نحو 5 آلاف و555 جنيها على مستوى الشراء، خلال بداية التعاملات المسائية.
ترصد السطور التالية
اليوم لمختلف الأعيرة بالمحلات والصاغة داخل السوق المحلية لكُل جرام قبل إضافة سعري المصنعية وضريبة الدمغة، خاصة سعر جرام الذهب عيار 21 الأكثر مبيعا في مصر، وسعر الجنيه الذهب عيار 21 ويزن 8 جرامات، بجانب سعر أوقية الذهب المصنوعة من الذهب الخالص عيار 24.
سجلت أسعار
اليوم دون مصنعية أو دمغة، 6 آلاف و69 جنيها للشراء و6 آلاف و46 جنيها للبيع.
وصلت أسعار الذهب عيار 21 اليوم للجرام الواحد قبل احتساب ضريبة الدمغة أو المصنعية، إلى 5 آلاف و310 جنيهات للشراء و5 آلاف و290 جنيها للبيع.
بلغت أسعار الذهب للجرام عيار 18 اليوم، دون سعر المصنعية أو الدمغة، نحو 4 آلاف و551 جنيها للشراء و4 آلاف و534 جنيها للبيع.
سجل سعر الجنيه الذهب عيار 21 اليوم، ويزن 8 جرامات عيار 21 قبل احتساب سعري المصنعية والدمغة، نحو 42 ألفا و480 جنيها للشراء و42 ألفا و320 جنيها للبيع.
يتداول سعر أوقية الذهب الآن بالبورصات العالمية للمعادن الثمينة والذهب، عند مستويات 3986 دولارا للشراء و3985.5 دولار للبيع.",REAL
,https://www.elwatannews.com/news/details/8168074,elwatan,"كشفت أبحاث حديثة لشركة الأمن السيبراني ESET، عن تحذير من تطبيقات سرقة الصور ومخاوف متزايدة بشأن شعور المستخدمين بأن هواتفهم تتجسس عليهم، إذ جرى تحديد مجموعة من تطبيقات أندرويد الخبيثة التي تقوم بالتجسس الفعلي، ويزعم باحثو ESET أنهم اكتشفوا 6 تطبيقات أندرويد ضارة كانت متاحة على متجر Google Play، بالإضافة إلى 6 تطبيقات أخرى مماثلة تم تحديدها عبر أداة VirusTotal، جميعها تقوم بتشغيل برنامج الوصول عن بُعد، فهذه البرامج الخبيثة قادرة على تسجيل محادثات المستخدمين، واستخراج الرسائل من تطبيقي واتساب وسيجنال، بما في ذلك تطبيق يُدعى WaveChat الذي يُزعم أنه يمكنه تسجيل الصوت في الخلفية حتى عندما لا يكون الميكروفون قيد الاستخدام.
وأشار الباحثون إلى تحذير من تطبيقات سرقة الصور و
، إذ يُعتقد أن هذه التطبيقات، التي وصل عدد تنزيلاتها إلى نحو 1400 مرة على نظام أندرويد، استهدفت بشكل رئيسي المستخدمين في الهند وباكستان، ولم تكن موجهة للمستخدمين في الولايات المتحدة، وتُشير النتائج، التي نُشرت في منشور على منصة WeLiveSecurity التابعة لـ ESET، إلى أن الجهات الفاعلة التي تقف وراء هذه البرامج الخبيثة ربما استخدمت خدعة رومانسية لإغراء الضحايا لتثبيت البرامج الضارة، وخلص الباحثون إلى أن تطبيقات التجسس هذه هي من عمل مجموعة Patchwork APT، وهي مجموعة تهديد معروفة في عالم الأمن السيبراني، ومن الأمثلة المثيرة للاهتمام، حمّل مستخدم يُدعى محمد رضوان وهو اسم لاعب كريكيت باكستاني شهير، أحد تطبيقات VajraSpy الخبيثة، ما يشير إلى استهداف محتمل لمشجعي اللاعب، بحسب ما ذكر موقع mashable.
وتشمل قائمة أسماء التطبيقات التي تم تحديدها: Privee Talk، MeetMe، Let’s Chat، Quick Chat، Rafaqat، وChit Chat، إذ يُشار إلى أن تطبيق MeetMe الشهير، الذي تم تنزيله أكثر من 100 مليون مرة، لا علاقة له بتطبيقات التجسس هذه، ويجب على المستخدمين الانتباه إلى التطبيقات المشابهة في الاسم التي قد تظهر في متاجر التطبيقات الخاصة بهم، ويأتي هذا التحذير بعد أن اكتشف باحثو ESET في أكتوبر تطبيقين تجسس آخرين متخفيين في شكل تطبيق Signal لنظام أندرويد يستهدفان المستخدمين في الإمارات العربية المتحدة.
وأشار الخبراء إلى أن مجرد توفر أي تطبيق على
أو Apple لا يضمن بالضرورة أمانه؛ إذ يجب على المستخدمين دائمًا تنزيل التطبيقات من شركات موثوقة والانتباه الشديد إلى الأذونات التي يمنحونها للتطبيقات، وغالبًا ما تُحاكي التطبيقات الخبيثة التطبيقات الشائعة لتبدو شرعية، كما حدث مؤخرًا مع تطبيقات Sora المزيفة.",REAL
,https://www.elwatannews.com/news/details/8168069,elwatan,"دعت منطقة مكة المكرمة، عبر صفحتها على موقع التواصل الاجتماعي «فيسبوك»، ضيوف الرحمن والمعتمرين، إلى ضرورة أخذ لقاح الإنفلونزا الموسمية وارتداء الكمامة أثناء أداء المناسك وفي أروقة الحرمين الشريفين، وذلك للوقاية من عدوى الفيروسات الموسمية والحفاظ على صحتهم وسلامة زوار بيت الله الحرام.
وتأتي هذه التوجيهات ضمن جهودها المستمرة بالتنسيق مع وزارة الصحة السعودية؛ لتعزيز الوعي الصحي بين قاصدي
والمسجد النبوي، والحد من انتشار الأمراض المعدية خلال موسم العمرة، وكثرة توافد الزوار في هذا الوقت من العام.
وشددت على أهمية الالتزام بالإجراءات الوقائية العامة مثل غسل اليدين بانتظام وتجنب الزحام قدر الإمكان؛ حرصًا على سلامة الجميع، وتمكين
من أداء مناسكهم في بيئة آمنة وصحية.",REAL
,https://www.elwatannews.com/news/details/8168072,elwatan,"وجهت وزارة التربية والتعليم خطابا إلى المديريات التعليمية، بتكليف بعض العاملين بالمديريات التعليمية بأعمال مسؤول الجدارات (منسق عام تطبيق منهجية الجدارات) بالمديريات التعليمية، حرصا على عدم التداخل بين أعمال التقييم والتحقق وأعمال التوجيه الفني وغيرها من الأعمال الفنية أو الإدارية الخاصة بالتعليم الفني بنوعياته المختلفة (صناعي- زراعي- تجاري- فندقي ).
وأوضحت الوزراة ضرورة اتباع مجموعة من التعليمات المتعلقة بهذا القرار كالتالي:
- أعمال التوجيه الفني بالمديريات والإدارات التعليمية التابعة لها هي من اختصاص هيئة التوجيه الفني بالمديريات والتي تستمد تعليماتها من إدارة التوجيه الفني بالإدارات العامة النوعية بالإدارة المركزية المدارس التعليم الفني بديوان عام الوزارة وليست من اختصاص منسق عام الجدارات أو منسقي النوعيات بالمحافظات، ولا يجري القيام بأعمال التوجيه على المدارس الفنية من قبل منسق عام أو منسقي النوعيات بالمحافظة غير التابعين لذات النوعية والقائمين بأعمال التوجيه إلى جوار تكليفهم كمنسق عام أو منسق نوعية.
- جميع الأعمال الخاصة بشؤون الطلاب بما فيها الاستفسارات والأعذار المرضية طبقا لمادة 14 من لائحة التقييم والتحقق المعدلة لسنة 2022 هي من اختصاص إدارات التعليم الفنىي(صناعي- زراعي- تجاري- فندقي) بالمديريات التعليمية، وهي الجهة الوحيدة المنوط بها مخاطبة إدارات شؤون الطلبة والامتحانات بالإدارة العامة للنوعية (صناعي- زراعي- تجاري- فندقي) بالإدارة المركزية المدارس التعليم الفني بديوان عام الوزارة، ولا يحدث عن طريق منسقي عموم الجدارات بالمحافظات لكونها ليست من الأعمال المكلف بها ويقتصر دوره على مراجعة النماذج الخاصة بالأعذار والمرسلة من قبل الإدارة المركزية المدارس
والتي يجري استيفائها من قبل غرفة التقييم والتحقق والتوقيع عليها من مسؤول الغرفة ومنسق عام الجدارات بالمحافظة وإرسالها لإدارة التعليم الفني بالمديرية تمهيدا لإرسالها للإدارة العامة النوعية المختصة بالإدارة المركزية المدارس التعليم الفني .
- جميع الأعمال الخاصة بإحصاءات الطلاب وبيانات المدارس والمعامل وغيرها من البيانات الإحصائية الخاصة بالمدارس الفنية من اختصاص إدارات التعليم الفني (صناعي- زراعي- تجاري- فندقي) بالمديريات التعليمية بالمديرية وليست من اختصاص منسق عام الجدارات بالمحافظات. وفي حالة احتياجه إلى أي إحصائيات يطلبها من إدارة التعليم الفني المختصة بالمديرية.
- تتلخص أعمال مسؤولي الجدارات بالمحافظات منسقي المحافظات فيما يلي:
- متابعة أعمال التقييم والتحقق الداخلي والخارجي بالمديريات التعليمية، استلام نسخة ورقية من تقارير التحقق الخارجي وإرسالها للإدارة العامة النوعية بالإدارة المركزية المدارس التعليم الفني.
- تجميع إحصائيات نتائج الطلاب وموافاة الإدارة المركزية المدارس التعليم الفني بها في المواعيد المحددة لذلك.
- متابعة جميع التعليميات والتوجيهات التي تصدر من الإدارة المركزية ال
بشأن أعمال التقييم والتحقق وإعلام القائمين على منهجية الجدرات بالمديرية التعليمية بها بالتعاون مع منسقي النوعيات بالمديرية.
- حفظ وتأمين وسلامة تقارير التحقق الخارجي بالتنسيق مع منسق النوعية بالمديرية لحين إرسالها للإدارة العامة النوعية المختصة في حالة ورود تعليمات فنية تخص أعمال التقييم والتحقق للتوعية يجب على منسق النوعية بالمديرية التنسيق مع المنسق العام للجدارات بالمديرية وإبلاغه بأي تعليمات وردت إليه على أن يقوم المنسق العام بالتواصل مع الإدارة النوعية بالمديرية لاتخاذ الإجراءات اللازمة نحو تنفيذ التعليمات الواردة.",REAL
,https://www.elwatannews.com/news/details/8168611,elwatan,Not found,REAL
,https://www.elwatannews.com/news/details/8168456,elwatan,"لا أذكر حقيقة عدد المرات التى قرأت فيها على أحد المرضى نص الموافقة على إجراء التدخّل الجراحى قبل أن أطلب منه أن يوقّع عليها أو يبصم بإبهامه أسفل الورقة. سنوات العمل كطبيب مقيم فى مستشفى جامعى لم يخلُ فيها أسبوع واحد من جلسة من هذا النوع.
الأمر كان يتم بروتينية مملة، لا وقت لدى أى طبيب مقيم فى العالم كله ليشرح للمريض كل ما سيحدث أو ما يمكن أن يحدث. هو إجراء يتم لأن إدارة المستشفى تطلبه، لا لأنه ضرورى بالمرة من وجهة نظر الطبيب.
لم تفارق تلك الجلسات ذهنى قط وأنا أراقب المناقشات التى تدور حول قانون المسئولية الطبية الذى تم إقراره أخيراً، ودخل حيز التنفيذ منذ فترة قصيرة. ذلك القانون الذى أرهق القطاع الطبى بأكمله حتى ظهر إلى النور، وانقسم بسببه المجتمع الصحى كله بين مؤيد ومعارض.
المناقشات كانت تدور حول ضرورة أن يوقّع المريض على ما يُعرف بـ«الموافقة المستنيرة» قبل أى تدخّل طبى. لفترة كنت أظن أنها تلك التى كنت أقرأها للمرضى فى الماضى، حتى اكتشفت أنها تختلف اختلافاً كبيراً، اختلافاً يجعلنى أعيد النظر فى الأمر برمّته.
الموافقة المستنيرة لا تُبلِغ المريض بالإجراء الطبى فحسب، وإنما تذكر كل المضاعفات التى يمكن أن تحدث بالتفصيل، وتشرح له بشكل واضح كل ما يمكن أن يتعرّض له بعد الإجراء الجراحى. وهو -فى رأيى- أمر كان يحتاجه المريض والطبيب على حدٍ سواء، بكل تأكيد.
فى كل دول العالم تنعقد تلك الجلسة التى يشرح فيها الطبيب أو أحد مساعديه للمريض الإجراء الطبى بالتفصيل، ويشرح له كل المضاعفات التى يُمكن أن تحدث حتى النادر منها. وهو ما يجعل المريض يزداد ثقة فى طبيبه، بل وفى المنظومة الطبية ككل.
فبهذا الإجراء الجديد تتوازن المعادلة الدقيقة بين الحق والواجب، فالقانون يحمى المريض من الإهمال أو التغرير، ويصون الطبيب من الاتهام أو التشكيك، فحين تكون المعلومة واضحة، وتُسجّل الإرادة باحترام، تنتهى مساحات الظن، وتُبنى جسور الثقة.
منذ أيام تمت دعوتى لفعالية إطلاق النسخة الثالثة من الدلائل الاسترشادية لجراحة الكُلى والمسالك، والتى نظمتها الجمعية المصرية لجراحة المسالك، بالتعاون مع المجلس الصحى المصرى، وفيها تم الإعلان عن اعتماد الموافقات المستنيرة فى جراحة المسالك، وهو أمر بالغ الأهمية، وسابقة ينبغى تثمينها، وأن تحذو باقى التخصّصات حذوها.
أعتقد أن لجنة مشتركة من وزارة الصحة والمجلس الصحى المصرى ينبغى أن تتشكل بشكل عاجل لاعتماد الموافقات المستنيرة لكل التخصّصات، على أن يتم تحديد تاريخ قريب للإعلان عنها وتعميمها، فترك الأمر للاجتهاد لن يُفضى إلى نتائج قريبة.
إن الموافقة المستنيرة ليست بنداً فى قانون، بل فلسفة أخلاقية تُعيد للطب وجهه الإنسانى الأصيل، حين كان الطبيب يطمئن مريضه قبل أن يعالجه، ويشرح له بضميرٍ لا بمجرد واجب.
هى عودة إلى الجذور، حيث الإنسانية تسبق الإجراء، والمعرفة تسبق القرار.. أو هكذا أعتقد.",REAL
,https://www.elwatannews.com/news/details/8168454,elwatan,"بعد أن اجتمع زعماء العالم حول مائدة واحدة، وتصافحوا وتعانقوا، والتقطوا الصور التذكارية ووقّعوا اتفاقية لوقف الحرب فى غزة وتوقف أزيز الطائرات، وطلقات المدافع، وانقشعت غمامات الأتربة التى تصاحب هدم المبانى على رؤوس سكانها، وتحولت تلك الصرخات الهستيرية التى كانت تملأ الهواء إلى صمت مملوء برائحة لا يمكن تحديد مصدرها، وإلى أي شيء تعود إن كان هدوءاً يسبق العاصفة أم صمت الموت الذي حصد الآلاف أم هو الترقّب والانتظار لما سيحدث بعد الإعلان عن وقف إطلاق النار.
وعقب الإعلان عن تكلفة إعادة الإعمار والحصص التى ستُشارك بها الدول والمنظمات الدولية ومناقشة وتقسيم العمل والتكاليف وتوزيع التكليفات على الشركات متعدّدة الجنسيات، بعد كل هذا تذكرنا أننا نسينا إعمار الإنسان ليس في غزة فقط، بل فى العالم كله.
فنحن في عصر يشاهد الأطفال فيه تفاصيل الحروب الدائرة على الشاشات ويتأثرون بها أيضاً، هذا بخلاف هؤلاء الذين ينتمون إلى تلك البلاد التى تخوض الحروب بالفعل.
ويقول علم النفس والاجتماع إن الحروب تُسبّب آثاراً نفسية واجتماعية خطيرة على الأطفال، مثل اضطراب ما بعد الصدمة والاكتئاب والقلق الشديد، بالإضافة إلى مشكلات سلوكية، مثل العدوانية أو الانعزال، كما أن هناك تأثيرات طويلة المدى قد تؤثر على تطورهم الجسدى والاجتماعى، مثل تضرّر قدراتهم المعرفية وفقدان الاستقرار العائلى والمجتمعى وتدمير البيئة التعليمية، التى تؤدى إلى عواقب وخيمة على مستقبلهم.
كما أن أطفال الحروب حساسون وموجوعون، لذا علينا أن نخاطب عواطفهم وليس فقط أن نطمئنهم بطريقة ملموسة، فلا بد من السماح لهم بالتعبير عما بداخلهم ومساعدتهم بإيجاد المفردات المناسبة للتعبير عما بداخلهم من الشعور بفقدان الأمان ليفرغوا الخوف والغضب أو الوحدة التى بداخلهم للذين خسروا أهلهم.
وتشدّد الدراسات الحديثة حول آثار الحروب على الأطفال، على أنه ليس من المفروض أن يبقى هؤلاء الأطفال أقوياء فى هذا العمر حتى لا نحمّلهم أكثر من طاقاتهم، من المفروض أن ندعهم يحزنون، وألا نمنعهم من البكاء حتى يعبروا عن مشاعرهم، فهؤلاء تركت الحرب آثاراً نفسية سلبية كثيرة عليهم، سواء على المدى القريب أو البعيد، لذلك هم بحاجة إلى جلسات تأهيل نفسى تجعلهم يخرجون من هذه الحرب بأقل الخسائر النفسية.
وقد قدّمت منظمة الأمم المتحدة للطفولة (يونيسف) نصائح للتعامل مع أطفال الحروب نشرتها على موقعها الرسمى، كما أعلنت تقديراتها، التى نشرتها على موقعها الرسمى، حيث أكدت أن نحو ٤٠٠ مليون طفل على مستوى العالم يعيشون فى مناطق صراع أو فروا منها.
وأكدت فى دراسة جديدة لها أن الأطفال الذين يعيشون فى بلدان تمزقها الحروب لا يعانون فقط من مشكلات فى الصحة النفسية، بل من المحتمل أن يتعرّضوا لتغيرات بيولوجية فى الحمض النووى (دى إن إيه) يمكن أن تستمر آثارها الصحية مدى الحياة، حيث أجرى الباحثون تحليلات للحمض النووى لعينات لعاب تم جمعها من 1507 لاجئين سوريين تتراوح أعمارهم بين 6 و19 عاماً يعيشون فى تجمّعات سكنية عشوائية، وراجعوا أيضاً استبيانات أجريت للأطفال والقائمين على رعايتهم، شملت أسئلة عن تعرّض الطفل لأحداث مرتبطة بالحرب، وظهرت فى عينات الأطفال الذين تعرّضوا لأحداث الحرب تغيّرات متعدّدة فى مثيلة الحمض النووى، وهى عملية تفاعل كيميائى تؤدى إلى تشغيل جينات أو تعطيلها، مما يعنى أن الحرب قد تؤدى إلى رد فعل بيولوجى فريد من نوعه. لذلك يجب أن ندعو الآن إلى مؤتمر دولي لإعمار النفوس.",REAL
,https://www.elwatannews.com/news/details/8168453,elwatan,"ليس فقط لأنه المتحف الأكبر فى العالم لحضارة واحدة، بدت وكأنها قد عادت لها الحياة من جديد، وليس لأن زمن انتظار هذه اللقطة السعيدة قد طال لأكثر من عقدين من الزمان، فهناك أسباب كثيرة تجعل من حفل افتتاح المتحف المصرى الكبير حدثاً مميزاً فى تاريخنا المعاصر، ربما أبرزها وأهمها أن تعلن مصر من خلال حفل الافتتاح عن نفسها كمنافس شرس فى أسواق السياحة الدولية بشقيها التاريخى والترفيهى معاً، وأن تظهر على ساحة العالم كدولة قوية تبرهن كل يوم على امتلاكها للقدرات الشاملة، والتى يأتى على رأسها القدرات الوطنية المتميزة فى جميع المجالات.
كما يجب أيضاً أن نفرح لالتقاط ثمار الصبر والجهد والكفاح الاقتصادى، فما حدث ليس إنجازاً عادياً ولا حدثاً عابراً، بل جاء نتيجة استراتيجية طويلة المدى بدأتها الدولة لإعادة اكتشاف نقاط القوة المصرية، فنحن الآن فى محطة الوصول لمجموعة مسارات متوازية تقاطعت فى نقطة العبور للمستقبل بطموح لا حدود له، مسار ترميم الآثار المصرية فى جميع العصور، وما شمله من تطوير مساجد أهل البيت ومسار العائلة المقدسة، بالتوازى مع تطوير البنية التحتية والطرق والمطارات، قبل أن تنتهى بتسويق إعلامى عالمى للحدث الذى تحول إلى مناسبة دولية حضرها العديد من القادة والرؤساء والأسر المالكة الأوروبية والعربية.
كما أن المتحف المصرى الكبير قد أعاد اكتشاف محافظة الجيزة، وأعادها لمكانتها السابقة كإحدى وجهات التنزه والاستجمام لدى المصريين وغيرهم، ووضعها مجدداً كمحطة مهمة على خريطة السياحة الدولية، وأعاد اكتشاف الموقع الأثرى والعبقرى للأهرامات، والتى يمكن بمزيد من التنظيم أن توفر دخلاً من العملة الصعبة يوازى عوائد مصانع كاملة دون عناء.
ولا شك فى أن كل ذلك سينعكس إيجاباً على القدرة التنافسية المصرية فى السوق السياحية، وسيفتح المجال واسعاً نحو جذب العديد من الاستثمارات السياحية فى مجالات الفنادق والقرى السياحية، ما سيخلق حالة من الرواج فى السوق المصرية كافية لإنتاج آلاف من فرص العمل المباشرة وغير المباشرة.
كما لا يجب أن نغفل دور المتحف المصرى الكبير فى بناء الشخصية المصرية، وعودة الحق للحضارة المصرية القديمة التى تعرضت لظلم تاريخى كبير امتد لقرون طويلة، ظلم ناتج عن فهم ناقص وغير صحيح للسرديات الدينية، ما أدى لوجود حالة من الصراع بين المصريين وتاريخهم، والشعب الذى يخجل من ماضيه لا تنتظر منه أن يفكر فى المستقبل، ومن لا يملك مستقبلاً يكافح من أجله يسهل استخدامه لخدمة مستقبل الآخرين.
ولعل أبرز الرسائل التى وجهها حفل الافتتاح الباهر هى عودة الريادة الإنسانية لمصر مرة أخرى، مصر التى مثلت النموذج الأول للدولة فى تاريخ البشر، والمصريون الذين كانوا أول من فكر وتأمل وأنتج، أول من توصل بفطرتهم السليمة إلى منهج التوحيد، وأول من اشتغل بعلوم الحاضر المتقدمة كالطب والهندسة والفلك والصيدلة، فلا ريادة قبلهم ولا مجد بعدهم، هذا ليس من باب الفخر فحسب، بل من باب التحدى أيضاً.
إن أبرز ما عكسه حفل الافتتاح المهيب بعد أيام من نجاح مصر فى تنظيم مؤتمر شرم الشيخ للسلام، هو محورية ومركزية الدور المصرى فى المنطقة، واعتراف العالم ضمنياً بقدرتها وقيمتها التاريخية والسياسية، لتبقى صور ملوك وأمراء الدول الأوروبية وهم يمارسون رياضة الصباح على شواطئ النيل، وتنزه عدد من كبار الضيوف فى المولات والمقاهى، بعد أيام من إشادة الرئيس الأمريكى بالأمن والأمان، دليلاً على أن مصر باتت واحة أمن إقليمية ودولية، وسط إقليم يشتعل وعالم يتأهب للانتقال إلى الرفيق الأعلى!",REAL
,https://www.elwatannews.com/news/details/8168452,elwatan,"يواجه رئيس الوزراء الإسرائيلى بنيامين نتنياهو خطر الاعتقال فى أى وقت، وإن بدا هذا الأمر بعيداً نسبياً لأسباب تتعلق بالولايات المتحدة التى ستقف عائقاً قوياً، والدول الغربية ومدى قدرتها على التنفيذ، فمنذ أيام قليلة، رفضت المحكمة الجنائية الدولية الاستئناف الذى تقدمت به إسرائيل لإلغاء مذكرتى الاعتقال الصادرتين بحق رئيس وزرائها بنيامين نتنياهو ووزير دفاعه السابق يوآف غالانت.
القرار جاء على خلفية تطورات إقليمية أبرزها إعلان وقف إطلاق النار فى غزة وفق خطة السلام الأخيرة للرئيس ترامب، وأثار تساؤلات حول ما إذا كانت تلك التطورات ستؤدى إلى وقف الملاحقات القضائية للمسئولَين الإسرائيليَّين، الأمر الذى أشعل الجدل مرة أخرى حول ما إذا كانت للمذكرتين تبعات تُذكر. ففى 18 أكتوبر من الشهر الماضى رفضت غرفة التحقيق الأولية فى الجنائية الدولية استئناف إسرائيل ضد المذكرتين، مؤكدة اختصاص المحكمة فى التحقيق فى الوضع الفلسطينى، وكانت الجنائية الدولية قد أصدرت مذكرة اعتقال ضد «نتنياهو وجالنت» فى 21 نوفمبر 2024 بتهم جرائم حرب وجرائم ضد الإنسانية، بما فى ذلك استخدام التجويع كوسيلة حرب للقتل والاضطهاد وأعمال غير إنسانية أخرى خلال الحرب على غزة منذ الثامن من أكتوبر 2023 حتى مايو 2024، حيث لا تزال المذكرة سارية المفعول ولم يتم سحبها أو إلغاؤها خاصة أن لجنة تحقيق أممية أوصت بإضافة تهم الإبادة الجماعية إلى المذكرات ضد القادة الإسرائيليين بناءً على انتهاكات لاتفاقية الإبادة الجماعية عام 1948 وذلك رغم التحديات القانونية التى قدمتها إسرائيل.
المذكرة تواجه تحديات كبيرة فى التنفيذ، إذ لا تملك الجنائية الدولية قوة تنفيذية مباشرة وتعتمد على الدول الأعضاء فى اتفاقية روما (124 دولة) لاعتقال المشتبه بهم إذا دخلوا أراضيها، رغم إعلان دول مثل الاتحاد الأوروبى، كندا، إسبانيا، النرويج، جنوب أفريقيا، والمملكة المتحدة التزامهم بالاعتقال فى حال زار «نتنياهو» أراضيهم، غير أن الخبراء يرون ذلك مستحيلاً عملياً. حيث سارعت الولايات المتحدة تحت ولاية ترامب الثانية وقامت بفرض عقوبات على المحكمة فى فبراير 2025 بينما انسحبت المجر من المحكمة فى أبريل 2025 أثناء زيارة «نتنياهو»، وهناك دول أخرى ما زالت تبحث فى إمكانية السماح بزيارات دون اعتقال بسبب الحصانة الدبلوماسية مثل فرنسا وألمانيا. لكن صعوبة تنفيذ الاعتقال لم تمنع القيود المفروضة على سفر «نتنياهو»، مثل تجنب مجالات جوية فرنسية وإسبانية أثناء زيارته للجمعية العامة للأمم المتحدة فى سبتمبر الماضى، وزيارته للمجر بدون اعتقال التى تعتبر من أهم حلفاء إسرائيل.
رغم الرمزية القوية لمذكرتى الاعتقال، فإنهما لم تفضيا إلى أى تداعيات دراماتيكية ملموسة حتى الآن، ربما باستثناء تقييد حركة سفر رئيس الوزراء الإسرائيلى الذى اضطر، وفق صحف إسرائيلية وغربية، إلى اتخاذ طريق أطول من اللازم أثناء رحلته إلى نيويورك الشهر الماضى لتفادى المجالات الجوية لبعض البلدان الأوروبية حتى لا تكون تلك البلدان مضطرة لتنفيذ مذكرة الاعتقال. ورغم أن بعض الدول فرضت حظراً كلياً أو جزئياً على تصدير الأسلحة لإسرائيل، لكن الخطوة لم يكن لها تأثير يذكر فى ضوء مواصلة الولايات المتحدة دعمها العسكرى لها.
وعلى الرغم من الأهمية «المعنوية والقانونية» لقرارات المحاكم الدولية، لكن لا أعتقد أننا سوف نشهد أى شكل من أشكال تفعيل هذه القرارات ضد إسرائيل على المدى القصير أو المنظور، لكنها من الممكن أن تأتى بثمارها فى المستقبل وتؤدى إلى عقوبات قانونية ضد قيادات إسرائيلية.
قرار المحكمة الجنائية الإبقاء على مذكرتى الاعتقال بحق «نتنياهو وغالانت» يعزز سلطتها القضائية، لكنه فى الوقت ذاته يبرز الفجوة بين الأحكام القضائية والواقع السياسى. وبينما تعكس هذه القضية تنامى جرأة المؤسسات القضائية الدولية، فإنها تسلط الضوء كذلك على القيود التى تواجهها من قبل الدول القوية. وفى النهاية فإن مذكرة الاعتقال تمثل خطوة رمزية نحو المساءلة، لكن نجاحها يعتمد على إرادة المجتمع الدولى التى تبدو مشتتة حتى الآن.",REAL
,https://www.elwatannews.com/news/details/8168971,elwatan,"أعلنت مديرية التضامن الاجتماعي بكفر الشيخ عن انتهاء عملية التسجيل لحج الجمعيات الأهلية للعام 1446 هجرية - 2025 ميلادية، اليوم الخميس، وذلك تحت إشراف المحاسب السيد مسلم، وكيل وزارة التضامن الاجتماعي بالمحافظة، وبالتنسيق مع المؤسسة القومية لتيسير الحج والعمرة.
وأفادت المديرية بأن عملية التسجيل عبر
شهدت إقبالًا كبيرًا من المواطنين الراغبين في أداء مناسك الحج، حيث تم تقديم خدمات التسجيل بكل دقة وسرعة من قبل هيئة مكتب الحج في المديرية.
وقد عمل فريق مكتب الحج ب
على تسهيل الإجراءات للمواطنين طوال فترة التسجيل، حيث ساهم كل عضو في الهيئة بجهد كبير لإنجاح هذه المرحلة، وعلى رأسهم: المحاسب السيد مسلم، رئيس هيئة مكتب الحج، والدكتورة نسمة حليم، نائب الرئيس، وخالد حماد، مسؤول المعلومات، والدكتور أحمد البرعي، المسؤول القانوني، وممدوح يوسف، المسؤول الإداري، وإيهاب الشهاوي، المسؤول المالي.
ووجهت المديرية الشكر والتقدير لجميع أعضاء هيئة المكتب على جهودهم المتواصلة والتزامهم في خدمة المواطنين وتسهيل عملية التسجيل بشكل منظم.",REAL
,https://www.elwatannews.com/news/details/8168959,elwatan,"تنقل الإذاعة والتلفزيون المصري، إلى جانب عدد من القنوات الفضائية، غدًا شعائر صلاة الجمعة من مسجد العارف بالله سيدي إبراهيم الدسوقي في مدينة دسوق بمحافظة كفر الشيخ، وذلك في إطار احتفالات المحافظة بعيدها القومي الـ69، وذلك بحضور وزير الأوقاف الدكتور أسامة الأزهري، ومفتي الجمهورية الدكتور نظير محمد عياد، واللواء علاء عبدالمعطي، محافظ كفر الشيخ، وعدد من قيادات المحافظة.
ومن المقرر أن يتلو الشيخ قطب أحمد الطويل، القارئ بالإذاعة والتلفزيون، آيات القرآن الكريم، بينما يلقي خطبة الجمعة الدكتور عبد الحي سرحان، إمام وخطيب بمديرية أوقاف كفر الشيخ.
وينقل شعائر صلاة الجمعة الإعلامي الدكتور وليد الحسيني، عبر التغطية المباشرة للتلفزيون المصري، في بث موحد مع عدد من القنوات الفضائية الخاصة، إلى جانب الإذاعة، ضمن الاحتفالية الدينية التي تشهدها المحافظة بهذه المناسبة الوطنية.
يُذكر أن نقل شعائر صلاة الجمعة من مسجد العارف بالله
يأتي بمناسبة العيد القومي للمحافظة ويُعد تقليدًا سنويًا توقف عام 2019، قبل أن يُستأنف العام الماضي بعد جهود مكثفة لإعادة إحياء هذا التقليد الديني والإعلامي.
وتحتفل محافظة كفر الشيخ بعيدها القومي في 4 نوفمبر من كل عام، تخليدًا لذكرى
عام 1956، التي شهدت انتصار البحرية المصرية على القوات الفرنسية وتدمير البارجة «جان بارت» بمساندة أهالي المحافظة، في واحدة من أبرز ملاحم البطولة والكرامة الوطنية.",REAL
,https://www.elwatannews.com/news/details/8168946,elwatan,"أعلنت شركة مياه الشرب والصرف الصحي بمحافظة كفر الشيخ، قطع المياه لمدة 3 ساعات بعدد من المناطق بمركزي سيدي سالم والحامول، نتيجة حدوث كسور مفاجئة بخطوط المياه الرئيسية.
أوضحت الشركة، في بيان اليوم، أن قطع المياه في مركز سيدي سالم جاء بسبب كسر مفاجئ في خط مياه قطر 10 بوصة من مادة الإسبستوس عند مدخل قرية السيد البلاصي، ما أدى إلى تأثر قرى «السيد البلاصي، والحدادي، وأبو حسين، والشراقوة البحرية» بانقطاع الخدمة، لحين الانتهاء من أعمال الإصلاح.
وفي مركز الحامول، أشارت الشركة إلى أن الانقطاع ناتج عن كسر مفاجئ بخط مياه قطر 10 بوصة خلف
الحامول، ما تسبب في تأثر مناطق القليعة والمنوفات وشارع المركز.
أكدت الشركة المياه ب
، أن فرق الصيانة تعمل حالياً على إصلاح الأعطال في أسرع وقت ممكن، مناشدة المواطنين تدبير احتياجاتهم من المياه خلال فترة الانقطاع، مشيرة إلى أنه سيتم إعادة ضخ المياه فور الانتهاء من الإصلاحات.",REAL
,https://www.elwatannews.com/news/details/8168926,elwatan,"بعد اختياره للانضمام إلى زمالة الأوسكار Academy Gold، حصل الموسيقار مينا سامي على ترشيحين في الدورة الـ16 من جوائز Hollywood Music in Media Awards، التي سيُعلن عن الفائزين بها يوم 19 نوفمبر المقبل.
وجاء الترشيح الأول لسامي عن أفضل موسيقى تصويرية
الذي تمّ ترشيحه من مصر للمشاركة في الأوسكار لنيللي كريم، والثاني عن أفضل تتر بداية لمسلسل ""لام شمسية"" لأمينة خليل.
يأتي ترشيح مينا سامي ضمن أبرز النجاحات المصرية على الساحة الدولية، بعد أن أثبتت أعماله قدرتها على مزج الموسيقى مع السرد الدرامي، سواء في السينما أو الدراما التلفزيونية، ما جعله مرشحًا لجائزتين في نفس الدورة.
يناقش المسلسل عددًا من القضايا الاجتماعية المهمة، مثل العلاقات الزوجية والتحديات التي تواجه الأطفال في إطار درامي مشوق .
يشارك في بطولة المسلسل عدد من النجوم على رأسهم أمينة خليل، أحمد السعدني، محمد شاهين، يسرا اللوزي، ثراء جبيل، صفاء الطوخي. العمل من تأليف مريم نعوم وورشة سرد، وإخراج كريم الشناوي.
تدور أحداث الفيلم حول الطفلة توحة، التي تعمل خادمة صغيرة في منزل أسرة ثرية، وتنشأ بينها وبين ابنة الأسرة نيللي علاقة إنسانية مؤثرة، ورغم أن توحة لم تعرف يوماً معنى الاحتفال بعيد ميلادها، إلا أنها تقرر تنظيم حفل صغير لصديقتها في محاولة لبث الفرح في حياة الآخرين، بينما تُخفي بداخلها شوقاً طفولياً صادقاً لأن تحتفل بيوم كهذا ذات مرة.
يشارك في بطولة الفيلم عددا من النجوم على رأسهم
، حنان مطاوع، ضحى رمضان، حنان يوسف، خديجة أحمد، والعمل إنتاج مشترك بين محمد دياب، أحمد الدسوقي، أحمد عباس، أحمد بدوي، داتاري ترنر، بمشاركة النجم العالمي جيمي فوكس.
جدير بالذكر أنه قد حقق مينا سامي نجاحًا لافتًا في عالم الموسيقى التصويرية بعد فوزه بالميدالية الفضية وجائزة الإنجاز الاستثنائي من Global Music Awards عن مؤلفتيه Heroes No وLight، ومن ثم انتخابه رئيسًا لاتحاد طلبة مؤلفي الموسيقى التصويرية لعام 2022-2023 بالكلية الملكية للموسيقى بلندن، كما سبق له المشاركة في أعمال سينمائية وموسيقية متنوعة، منها فيلم الأنيميشن Ark Aeons ومسلسل زكية الذكية .",REAL
,https://www.elwatannews.com/news/details/8168920,elwatan,"نعى الفنان أحمد حلمي السيناريست الراحل أحمد عبدالله بكلمات مؤثرة عبر حسابه الشخصي على منصة التواصل الاجتماعي انستجرام، إذ لم يكن ذلك مجرد نعي، بل كان عرفانًا بالجميل، خاصة أن بداية المشوار الفني للفنان أحمد حلمي كانت مع السيناريست أحمد عبدالله، إذ تعاون الثنائي معًا في العديد من الأعمال الفنية.
بداية المشوار الفني للفنان
كانت بظهوره في فيلم «عبود على الحدود» الذي قدم فيه واحدًا من الأدوار التي كانت بداية انطلاقه كفنان ودخوله إلى عالم النجومية، ومن ثم قدم معه فيلم «الناظر» الذي حظي بمتابعة جماهيرية كبيرة وقت عرضه، واستطاع أحمد حلمي بتقديمه شخصية «عاطف» إلى جذب الأنظار إليه.
ولم يقتصر تعاون أحمد حلمي مع السيناريست أحمد عبدالله على هذين العمل فحسب، إلا أنّهما قدما سويًا فيلم «55 إسعاف» الذي دارت قصته حول وفاء الطبيبة الشابة التي تقدم شخصيتها النجمة «غادة عادل» والتي تعد مشروع لتطوير إجراءات الإسعافات الأولية في إحدى المستشفيات لتقديمه لوزير الصحة، تتورط وفاء مع تمرجي وسائق سيارة الإسعاف في العديد من المشكلات وتلاحقهم عصابة بشكل مستمر وتتفاقم
طبيعة عمله كمؤلف جعلت السيناريست أحمد عبدالله بعيدًا عن الأضواء، يراقب المشهد بصمت، يضع لمساته الفنية معتمدًا على كتابته التي تضفي مزيدًا من الإبداع على أعماله، التي تنوعت ما بين السينما والدراما، ليرحل السيناريست أحمد عبدالله تاركًا وراءه رصيدًا فنيًا مميزًا من الأعمال الدرامية، كان أبرزها مسلسل «بين السرايات» الذي سيظل عالقًا في الأذهان رغم رحيله.",REAL
,https://www.elwatannews.com/news/details/8168892,elwatan,"أحداث عدة تناولها مسلسل «لينك» الذي حقق نجاحًا جماهيرًا كبيرًا، إذ بات الجمهور يراقبه عن كثب لمعرفة ما تحمله الحلقات المقبلة، خاصة بعد ما اتخذت سلمى التي تجسد شخصيتها النجمة الشابة «لينا صوفيا» قراراً شجاعاً بالانتقام من شهاب علانية مستخدمة نفس الوسيلة التي يهددها بها وهي السوشال ميديا، لتفضحه وتكشف أكاذيبه كمتحرش أمام الجميع، ليتم إلقاء القبض عليه، وذلك ضمن أحداث الحلقة الـ18 من مسلسل لينك الذي يُعرض على قنوات DMC ومنصة Watch It ضمن قائمة الأكثر مشاهدة على المنصة.
فوجئت «سلمى» بزيارة شهاب إلى منزلها ليواجهها أمام والدتها مهددًا إياها بنشر صورها على مواقع التواصل الاجتماعي وفضحها أمام الجميع، لكنّ رد فعل سلمى كان صادماً له، عندما واجهته بثبات قائلة إنها لا تخاف من تهديداته ولن تصمت بعد الآن، وإنها ستكشف حقيقته أمام الجميع وتأخذ حقها منه وحق كل الفتيات اللاتي تسبب في إيذائهن من قبل.
وفي خطوة جريئة، نشرت سلمى فيديو عبر السوشيال ميديا روت فيه ما فعله شهاب بها، وظهرت والدتها أسما إلى جانبها في الفيديو دعماً لها وتشجيعاً على المواجهة، ما ألهم الكثير من الفتيات للإفصاح عن تجارب مشابهة والتوجه إلى القسم للإدلاء بشهاداتهن.
وبالفعل تنجح سلمى في مسعاها ويتم إلقاء القبض على شهاب بتهمة التحرش و
، لتتحول سلمى بذلك من ضحية إلى رمز للقوة والوعي.
تدور أحداثه في إطار اجتماعي مشوق حول قضايا النصب الإلكتروني، وتشارك لينا صوفيا في بطولته مع سيد رجب، رانيا يوسف، ميمي جمال، محمود ياسين جونيور، فرح الزاهد، مينا أبو الدهب، سليم الترك وأحمد صيام، والمسلسل من تأليف ورشة ج بقيادة الكاتب محمد جلال، وإخراج محمد عبد الرحمن حماقي.",REAL
,https://www.elwatannews.com/news/details/8168845,elwatan,"حالة من الحزن سيطرت على كريم نجل المنتج أحمد السبكي، الذي بدا عليه التأثر الشديد لوفاة السيناريست أحمد عبد الله، الذي يظهر علاقته القوية به، وظهر ذلك جليًا في بكائه وانهياره الشديد عليه.
وأظهرت عدسة إحدى الكاميرات لحظة بكاء وتأثر شديد لنجل
، الذي ظهرت عليه علامات الحزن في أثناء إلقائه نظرة الوادع الأخيرة على جثمان السيناريست أحمد عبدالله قبل تشييع جثمانه إلى مثواه الأخير.
نعت نقابة المهن التمثيلية
الذي رحل عن عالمنا الساعات القليلة الماضية: «بقلوب يملأها الحزن والأسى، تنعى نقابة المهن التمثيلية السيناريست الكبير أحمد عبدالله، أحد أبرز كتّاب السينما والدراما في مصر، الذي قدّم على مدار مشواره الفني أعمالًا خالدة ستظل راسخة في وجدان الجمهور».",REAL
,https://www.elwatannews.com/news/details/8168832,elwatan,"انهار نجل السيناريست الراحل أحمد عبدالله، في أثناء توديع جثمان والده إلى مثواه الأخير، فكان غير قادر على تمالك دموعه، وبدت عليه علامات الصدمة والذهول، وذلك قبل دفن جثمان والده في مقابر العائلة.
وتواجد عدد كبير من نجوم الفن في جنازة
، الذي رحل تاركًا وراءه إرثا كبيرًا من المحبة في قلوب أصدقائه وأسرته ومتابعيه، فقد تواجد عدد كبير من النجوم على رأسهم سعد الصغير، وأحمد رزق، وخالد زكي، وأحمد السبكي وصبري فواز وغيرهم.
غيب الموت السيناريست أحمد عبد الله مساء أمس، إذ نعته شركة السبكي عبر حسابها الرسمي على موقع التواصل الاجتماعي «فيسبوك» قائلة: «تنعى شركة السبكي للإنتاج الفني والتوزيع
وكافة العاملين بها، ببالغ الحزن والأسى، الكاتب الكبير أحمد عبدالله، تغمده الله بواسع رحمته وأسكنه فسيح جناته».",REAL
,https://www.elwatannews.com/news/details/8168914,elwatan,"يلتقي الأهلي مع سيراميكا كليوباترا، في الخامسة مساء اليوم بتوقيت القاهرة، السابعة بتوقيت الإمارات، على استاد هزاع بن زايد بمدينة العين، في إطار الدور نصف النهائي من بطولة كأس السوبر المصري.
ويعول الدنماركي ييس توروب المدير الفني للأهلي، على خبرات لاعبيه لحسم مباراة اليوم، والتأهل للنهائي وقطع خطوة نحو حصد اللقب المحلي للمرة الثالثة على التوالي، لا سيما محمد الشناوي حارس المرمى، وخبراته الكبيرة في النهائيات، وقدرته في الحفاظ على نظافة شباكه، ما يسهل من مهمة الفريق في اللعب بأريحية وتسجيل الأهداف.
ويعد الثلاثي محمود حسن تريزيجيه وأحمد مصطفى زيزو وأشرف بن شرقي، من أفضل العناصر التي تتمتع بخبرات كبيرة لقيادة الفريق نحو تحقيق الفوز والتأهل للمباراة النهائية، إذ يمنح تألقهم ترجيح كفة المارد الأحمر في مباراة اليوم، لا سيما في ظل خبراتهم الكبيرة في النهائيات.
ويشارك الأهلي في بطولة السوبر المحلي بصفته بطلا للدوري، والزمالك كبطل للكأس، وسيراميكا بطل كأس رابطة الأندية المحترفة، فيما يشارك بيراميدز وصيف بطولة الدوري بالكارت الذهبي.
ويلتقي الفائز من مواجهة الأهلي و
، مع الفائز من مواجهة الزمالك وبيراميدز في نهائي كأس السوبر المحلي.
وتوج
بلقب النسخة الأخيرة من السوبر المصري، الذي أقيم في الإمارات، وحصد الأهلي اللقب وقتها على حساب الزمالك بركلات الترجيح.",REAL
,https://www.elwatannews.com/news/details/8168904,elwatan,"عكف الدنماركي ييس توروب، المدير الفنى لفريق الكرة بالنادي الأهلي، خلال تدريبات الفريق منذ الوصول إلى الإمارات، على علاج بعض النقاط الفنية المهمة، قبل خوض غمار بطولة السوبر المحلي، التي تنطلق اليوم الخميس في الإمارات.
وبحسب مصدر مطلع، ركز على أبرز الأخطاء الموجودة في فريق
على مستوى الخط الخلفي، ووقوع أكثر من لاعب في خط الدفاع في أخطاء كلفت الفريق كثيرًا، خلال الفترة الماضية، بالإضافة إلى أزمة ضياع الفرص السهلة، التى ظهرت فى مواجهتى بتروجت والمصرى، فى محاولة لتجنب تكرارها فى مباراة اليوم، خاصة أن موقعة اليوم لا تحتمل أخطاء والخسارة تعنى ضياع الكأس.
وخصص الجهاز الفني فقرة خاصة خلال تدريبات الفريق بالإمارات من أجل حل هذه الأزمات، وعدم تكرارها في بطولة السوبر المصري، التي تنطلق منافساته اليوم، أمام فريق سيراميكا كليوباتر، حيث يتسبب تكرارها في الإطاحة بالفريق من بطولة السوبر ويغتال أحلام التتويج باللقب.
وحذر الجهاز الفني من خطورة فريق سيراميكا كليوباترا، الذى يعد من أفضل فرق الدورى الممتاز، ويمتلك لاعبين كباراً وجهازاً فنياً على مستوى عالٍ، إذ طالب توروب لاعبيه بالالتزام بالخطة الموضوعة وعدم الخروج عنها، خاصة فيما يتعلق برقابة بعض العناصر الخطيرة فى المنافس وأبرزها فخرى لاكاى وصديق إيجولا وإسلام عيسى؛ وفقًا لمصدر مطلع.
ويلاقي الأهلي بقيادة نظيره فريق
في نصف نهائي من بطولة السوبر المحلي، وتنطلق المباراة في تمام الخامسة مساءً، على استاد هزاع بن زايد بالإمارات.",REAL
,https://www.elwatannews.com/news/details/8168871,elwatan,"تترقب جماهير الزمالك موقف الجناح البرازيلي خوان ألفينا بيزيرا، من المشاركة في المباراة النهائية لبطولة كأس السوبر المصري 2025، حال نجح الفريق في تجاوز عقبة بيراميدز بنصف النهائي، ومواجهة الفائز من لقاء الأهلي وسيراميكا كليوباترا.
كشف مصدر مسؤول داخل الزمالك لـ«الوطن»، أن حالة
في تحسن واضح بعد إصابته في العضلة الخلفية خلال مواجهة طلائع الجيش بالدوري، موضحًا أن الجهاز الطبي يبذل جهودًا مكثفة لتجهيزه، تحسبًا لخوض المباراة الثانية من السوبر، رغم تأكد غيابه عن لقاء بيراميدز، مساء اليوم.
وأكد المصدر، أن التركيز في الوقت الحالي منصب بالكامل على مواجهة بيراميدز، سعيًا لبلوغ النهائي وإسعاد الجماهير البيضاء، على أن يُحسم الموقف النهائي لمشاركة اللاعب بعد انتهاء المباراة.
يفتقد
في مواجهة بيراميدز عددًا من العناصر البارزة، أبرزهم ناصر منسي ومحمود الشناوي بقرار فني، ومحمد السيد بسبب أزمة تجديد عقده، إلى جانب المصابين آدم كايد، خوان بيزيرا، وأحمد شريف، رغم تواجدهم في القائمة، بينما يغيب نبيل عماد دونجا، للإيقاف بقرار من اتحاد الكرة.",REAL
,https://www.elwatannews.com/news/details/8168846,elwatan,"تتجه الأنظار في السابعة والنصف مساء اليوم، صوب استاد «آل نهيان» بالإمارات، حيث المواجهة المرتقبة بين الزمالك ونظيره بيراميدز، ضمن منافسات نصف نهائي كأس السوبر المصري.
تحمل المواجهة طابعًا خاصًا لما تحمله من ندّية وتاريخ طويل بين الفريقين، إذ التقى
في 23 مناسبة سابقة، من بينها 4 مباريات حين كان الأخير يحمل اسم الأسيوطي سبورت، وتوزعت تلك اللقاءات بين 18 مواجهة في الدوري الممتاز، و4 في بطولة كأس مصر، إضافة إلى لقاء وحيد جمعهما في كأس السوبر المصري.
ويمتلك الزمالك اليد العليا في سجل المواجهات، بعدما حقق الفوز في 10 مباريات، مقابل 3 انتصارات لبيراميدز، بينما حسم التعادل نتيجة 10 مواجهات أخرى، وكان أبرز لقاء بينهما في نصف نهائي النسخة الماضية من
، حين ابتسمت ركلات الترجيح للفريق الأبيض ومنحته بطاقة التأهل إلى النهائي.
مواجهة الليلة تكتب فصلًا جديدًا في تاريخ صراع متجدد بين القلعة البيضاء والفريق السماوي، بحثًا عن مقعد في نهائي السوبر المرتقب، وملاقاة المتأهل من مباراة الأهلي وسيراميكا كليوباترا.",REAL
,https://www.elwatannews.com/news/details/8168744,elwatan,"تترقب جماهير القلعة الحمراء مواجهة الفريق الكروي الأول بالنادي الأهلي ضد نظيره سيراميكا كليوباترا، في نصف نهائي السوبر المصري، حيث لا يقبل اللقاء القسمة على اثنين، ولابد من تحديد الفائز والمتأهل للمباراة النهائية.
وفي إطار البحث عن معلق مباراة
وسيراميكا كليوباترا في نصف نهائي السوبر المصري على أون سبورت، ينطلق اللقاء في الخامسة مساء اليوم بتوقيت القاهرة، بالإمارات، بلقاء إذا انتهى وقته الأصلي بالتعادل، سيتم اللجوء إلى ركلات الترجيح لتحديد المتأهل للنهائي.
وضمن البحث عن معلق مباراة الأهلي وسيراميكا كليوباترا في نصف نهائي السوبر المصري على أون سبورت، يعلق على اللقاء أيمن الكاشف.
ومن المتوقع أن يخوض الأهلي لقاء
بشكيل مكون من:
حراسة المرمي: محمد الشناوي.
خط الدفاع: محمد هاني، ياسر إبراهيم، ياسين مرعي، أحمد حسن كوكا «محمد شكري».
خط الوسط: مروان عطية، محمد علي بن رمضان، محمود حسن تريزيجيه.
في الهجوم: أحمد مصطفى زيزو «محمد عبدالله»، أشرف بن شرقي، نيتس جراديشار.",REAL
,https://www.elwatannews.com/news/details/7858370,elwatan,"قال الدكتور علاء عز، الأمين العام لاتحاد الغرف التجارية، إنّ الدولة حريصة على توفير السلع والمنتجات وإقامة المعارض لتوفيرها بأسعار مناسبة للمواطنين خلال شهر رمضان، ولضمان وفرة المعروض فى الأسواق وزيادة التنافسية، توجد أسواق اليوم الواحد وبها ركن للسلع الرمضانية، إلى جانب معارض «أهلاً رمضان»، مشيراً إلى أن الاتحاد يعمل مع السلاسل التجارية على وجود ركن مخصص بها لاحتياجات الشهر الكريم.
وأوضح «عز» فى حواره لـ«الوطن»، أن توفير السلع بأسعار مخفضة يأتى عبر تقليل حلقات التداول، التى توفر بمفردها نحو 20% من تكلفة المنتج، بجانب الخصومات والتخفيضات التى نحصل عليها من المنتجين والمصانع، ما يجعل نسبة الخصم على أسعار السلع تصل إلى نحو 30% لمختلف المنتجات.
كيف ترى أهمية إقامة معارض «أهلاً رمضان» كل عام؟
- رغم الظروف المحيطة بمصر إلا أن توفير السلع للمواطنين بأسعار مناسبة ضمن أولويات السيد الرئيس عبدالفتاح السيسى، فهناك خلية نحل سواء فى مجلس الوزراء، أو وزارة التموين، وفى الغرفة التجارية، استعداداً لشهر رمضان، لضمان توفير السلع بكميات كبيرة وأسعار تنافسية لضمان تلبية احتياجات المواطنين خلال شهر رمضان المبارك، وذلك بالتعاون مع الاتحاد العام للغرف التجارية وجهاز تنمية التجارة الداخلية وممثلى شركات الصناعات الغذائية والسلاسل التجارية.
ما الهدف الأساسى من إقامة تلك المعارض؟.. وماذا عن جودة السلع؟
- يوجد هدفان رئيسيان نحرص على تحقيقهما خلال شهر رمضان، أول هدف هو ضمان توافر السلع بكميات كبيرة بمختلف محافظات مصر، حيث إن الأرصدة المتوفرة لدينا من السلع تكفى من 3 إلى 10 أشهر وذلك لكافة أنواع السلع، كما أن هناك 2 مليون طن من السلع قادمة إلى مصر، ويوجد لدينا كميات كافية من المنتجات الرمضانية والياميش، والهدف الثانى هو إيصال تلك السلع للمواطنين بأقل تكلفة ممكنة، ومن الضرورى أن يعلم المواطن أن ما يعرض من خلال المنافذ المخفضة هو نفس السلع التى تباع فى السوق وبنفس الجودة.
هل تقدم معارض «أهلاً رمضان» وحدها السلع بأسعار مخفضة؟
- لضمان وفرة المعروض فى الأسواق وزيادة التنافسية، توجد أسواق اليوم الواحد وبها ركن للسلع الرمضانية، إلى جانب معارض «أهلاً رمضان»، ونعمل مع السلاسل التجارية على وجود ركن مخصص بها لسلسلة «أهلاً رمضان»، فهناك اجتماعات متواصلة بين وزير التموين والسلاسل التجارية لزيادة انتشار معارض «أهلاً رمضان»، بخلاف الآليات الأساسية لوزارة التموين، وعلى رأسها المجمعات الاستهلاكية ومشروع «جمعيتى»، وتعمل المنظومة بالكامل بهدف الوصول لأقرب نقطة للمواطن، لتوفير السلع المخفضة فى الأسواق بنفس الجودة فى الأسواق الحرة.
هل هناك رقابة على تلك المعارض بشكل دورى؟
- هناك رقابة من الدولة على كافة الأسواق بما فيها المنافذ بمختلف أنواعها، كما أن هناك دوراً رقابياً قوياً لجهاز حماية المستهلك، والغرف التجارية أيضاً تراقب تلك المعارض باعتبار أن الغرف هى التى تدير معارض «أهلاً رمضان»، ويوجد مخزون سلعى جيد يكفى لنحو 9 أشهر، وبالتالى لو حدثت أى ظروف طارئة عالمية، فالسوق المصرية مستقرة لمدة 9 أشهر، ومن المقرر أن يوجد فى بعض المحافظات من 3 إلى 4 منافذ على حسب حجم المحافظة.
كيف يمكن للمواطنين معرفة أماكن المعارض للاستفادة من نسبة التخفيض؟
- تعوّد المواطنون على مدار السنوات الماضية على الاستفادة من نسبة التخفيض التى تقدمها معارض «أهلاً رمضان»، حيث تتم إقامة المعارض فى نفس الأماكن كل عام، وتوجد منافذ رئيسية فى جميع المحافظات، إلى جانب المنافذ الأخرى التى توجد بجوارها تكتلات سكانية.",REAL
,https://www.elwatannews.com/news/details/7858367,elwatan,"أبدى عدد من المواطنين بالمحافظات فرحتهم بمعارض «أهلاً رمضان»، التى توفر كافة السلع الغذائية الأساسية واللحوم والدواجن وياميش رمضان بأسعار مخفضة، مؤكدين أنها تأتى لتخفيف الأعباء عن كاهلهم قبيل انطلاق شهر الصيام الذى يرتبط بعادات الأكل والحلوى بصورة يومية.
وقالت سحر فاروق٫ ربة منزل، لـ«الوطن»: «ننتظر كل عام افتتاح معرض أهلاً رمضان ثم نتجه لشراء الاحتياجات التى تكفى طوال شهر الصيام، خصوصاً الزيت والسكر والأرز والمكرونة، حيث يتوافر كافة السلع بكثرة وبأنواع متعددة وبأسعار أقل من الخارج بكثير، إضافة إلى توفير جزء كبير من المال نستغله فى شراء اللحوم والدواجن».
وأكدت أسماء عبدالجواد، ربة منزل، أنها كانت تشعر بعبء ثقيل بالتزامن مع حلول شهر رمضان، بسبب كثرة احتياجاتهم خلاله من الطعام والحلوى والمشروبات، وفى آخره الكعك والبسكويت، وكذلك ملابس العيد، موضحة أنها توجهت إلى معرض أهلاً رمضان وفوجئت بجودة السلع وأسعارها، وقررت ادخار فارق السعر الذى وفرته لاستخدامه فى الكعك والبسكويت ولشراء ملابس العيد لأبنائها مبكراً قبل الزحام.
فيما طالبت علا محمد، موظفة، باستمرار افتتاح المعارض بعد انتهاء شهر رمضان المبارك، متمنيةً أن تستمر طوال العام لتوفير السلع الغذائية الأساسية بهذه الأسعار المخفضة، مما سيسهم كثيراً فى تخفيف الأعباء عن المواطنين، خصوصاً أنه بعد رمضان بأيام يستعد الجميع لشراء الأضاحى استعداداً لعيد الأضحى مما يشكل عبئاً عليهم، لذلك يمكنهم تدبير وتوفير المال من فارق السعر، وادخاره لاستخدامه فى شراء الأضحية.
وقالت سامية خالد، موظفة ومقيمة بمدينة الزقازيق، إنها توجهت إلى معرض «أهلاً رمضان»، الذى تمت إقامته فى ميدان التحرير «المحطة» لشراء احتياجات رمضان من السلع المختلفة والاستفادة من التخفيضات الكبيرة التى تصل إلى 30%.
وقال عبدالعظيم متولى، موظف بمحافظة الشرقية، إن السلع بجودة عالية، كما أن اللحوم عليها تخفيضات بنسبة كبيرة حيث وصل سعر السودانى لـ280 جنيهاً، واللحوم البلدى 300 جنيه، بالإضافة لتوافر جميع المنتجات الأساسية من السلع الغذائية وياميش رمضان، خاصة البلح الذى يبدأ سعر الكيلو منه من 10 جنيهات.
وقالت هند سامى، من أهالى مركز بيلا بكفر الشيخ، إن أهالى المحافظة يشعرون ببالغ سعادتهم بافتتاح 21 معرضاً أهلاً رمضان بمراكز ومدن وقرى المحافظة، لتوفير السلع والمنتجات الغذائية بتخفيضات تصل لـ35%، بالتزامن مع قرب حلول شهر رمضان المبارك.
وأوضحت «هند» أن التخفيضات والعروض حقيقية وجذابة، مضيفةً: «الدولة وفرت لنا معارض فى كل مكان وقريبة مننا وفيها كل السلع اللى محتاجينها وفى متناول الجميع».
وأكدت سناء منصور، من أهالى مركز دسوق، أن وصول معارض أهلاً رمضان إلى القرى النائية فى كفر الشيخ لها أثر كبير فى نفوس المواطنين فى القرى الذين كانوا مجبورين على النزول إلى المعارض الكبرى فى المدن لشراء احتياجاتهم، مستطردةً: «كنا الأول لازم ننزل البندر عشان نتسوق حاجة رمضان ولكن دلوقتى المعارض وصلت لنا القرى، وبقت حوالينا فى كل مكان، والسلع كتيرة ومتوفرة ورخيصة». وقالت منال الدسوقى إن المواطنين فى محافظة الغربية عبروا عن سعادتهم بتوافر السلع بأسعار مخفضة مع ارتفاع جودتها، فى المعارض المنتشرة فى مدن ومراكز وقرى المحافظة، والتى تقوم الدولة بتوفير كافة السلع الغذائية للمواطنين بأسعار مخفضة مقارنة بالأسعار فى الأسواق الحرة.
وأوضحت «منال» أن المعارض لا تقتصر على بيع السلع الرمضانية فقط، بل تقدم تجربة تسوق مختلفة، حيث توفر سلعاً غذائية متنوعة، ياميش رمضان، وخضراوات وفواكه، بأسعار أقل من السوق، ما يعكس حرص الدولة على مساندة الأسر، خاصة محدودى الدخل فى ظل الظروف الاقتصادية الراهنة.
بدوره، قال إبراهيم كامل، موظف فى مركز طنطا، إنه حريص على شراء السلع الغذائية الخاصة بأسرته من معارض أهلاً رمضان، التى تم افتتاحها الأسبوع الماضى، ومتوافر بها كافة السلع الغذائية بأسعار مخفضة مقارنة بالأسعار فى الأسواق الحرة، مشيراً إلى أن تنظيم المعارض يساعد فى تقليل الازدحام فى الأسواق التقليدية، ويضمن سهولة فى التسوق، خصوصاً فى ظل الزحام المعتاد فى رمضان.",REAL
,https://www.elwatannews.com/news/details/7858364,elwatan,"تتكاتف جهود المجتمع المدنى والأحزاب السياسية لإضفاء روح العطاء والتضامن على أرجاء البلاد، فى إطار الاستعدادات لاستقبال شهر رمضان المبارك، حيث انطلقت مبادرات توزيع السلع الأساسية والمواد الغذائية فى مناطق مختلفة، مستهدفة الفئات الأكثر حاجة والأولى بالرعاية، كما استهدفت الأحزاب التخفيف عن كاهل المواطنين بتنظيم منافذ ومعارض رمضانية بأسعار مخفضة.
ويستعد التحالف الوطنى للعمل الأهلى التنموى لإطلاق المرحلة الثانية من حملة «إيد واحدة» خلال شهر رمضان المبارك، التى تستهدف تقديم الدعم الغذائى والخدمات الأساسية للأسر الأكثر احتياجاً، بفرق ولجان متخصصة تعمل على رصد احتياجات المواطنين وضمان وصول المساعدات لمستحقيها بكفاءة.
ويخطط «التحالف» هذا العام إلى الوصول لأكثر من 5 ملايين أسرة، بتقديم الدعم المادى والغذائى وتوفير الاحتياجات اليومية، مع تكثيف الجهود لضمان وصول المساعدات إلى أقصى القرى والمناطق النائية.
من جانبه، أكد حاتم متولى، نائب رئيس الأمانة الفنية للتحالف، أن الهدف الأساسى من جهود التحالف خلال رمضان هو تعزيز التكافل الاجتماعى وتوسيع مظلة الحماية المجتمعية.
وأضاف «متولى» أن خطة التحالف تشمل توزيع أكثر من 11 مليون وجبة إفطار وسحور لضمان حصول الأسر المستحقة على وجبات غذائية متكاملة طوال الشهر الفضيل، إلى جانب توزيع أكثر من 4.5 مليون كرتونة مواد غذائية تحتوى على السلع الأساسية اللازمة لتحضير الوجبات بسهولة.
وتابع نائب رئيس الأمانة الفنية للتحالف الوطنى للعمل الأهلى التنموى، أنه لا يقتصر الدعم على الجانب الغذائى فقط، بل يمتد ليشمل المساعدات الإنسانية والمادية، موضحاً أن «التحالف» يعتزم تقديم مساعدات مالية وإنسانية لنحو 35 ألف أسرة، وذلك فى إطار جهوده المستمرة لتخفيف الأعباء المعيشية عن الفئات الأكثر احتياجاً وتعزيز مبدأ التضامن المجتمعى خلال الشهر.
فيما تكثف الأحزاب السياسية جهودها لتخفيف الأعباء عن المواطنين بمبادرات فى إطار المسئولية المجتمعية، بالتنسيق مع الجهات المعنية لضمان وصول الدعم إلى مستحقيه، لسد الفجوة بين احتياجات المواطنين والقدرة الشرائية، بتوفير السلع الأساسية بأسعار مدعومة أو مجانية، وذلك فى إطار دعم جهود الدولة لمواجهة ارتفاع الأسعار وتخفيف الأعباء عن الأسر البسيطة.
من جانبه، أطلق حزب «مستقبل وطن» مبادرته السنوية «مبادرة الخير - رمضان 2025»، التى تهدف إلى توزيع كراتين السلع الغذائية الأساسية على الأسر الأكثر احتياجاً فى جميع المحافظات، وتضمنت الكراتين مجموعة متنوعة من السلع الأساسية مثل السكر، الأرز، الزيت، المكرونة، الشاى، والتمر، بهدف تخفيف العبء عن المواطنين، وشارك شباب الحزب فى عمليات التعبئة والتوزيع، فى إطار دور الحزب المجتمعى لتعزيز التكافل الاجتماعى خلال الشهر الكريم.
وفى سياق متصل، أكد القبطان محمود جبر، نائب رئيس حزب المؤتمر ومسئول أمانة «القاهرة»، أن الحزب يعمل على تنفيذ عدد من المبادرات لدعم المواطنين، منها «لا للغلاء»، مشيراً إلى أنه يتعاون مع محافظة القاهرة لتوفير منافذ بيع بأسعار مدعومة، إضافة إلى إطلاق حملات لحث الموردين على تقديم السلع بأسعار تنافسية، تماشياً مع الأوضاع الاقتصادية الحالية، فضلاً عن سعى الحزب إلى توسيع نطاق مبادراته المجتمعية لضمان وصول الدعم لأكبر عدد ممكن من المواطنين.
وفى الصعيد، أطلق حزب حماة الوطن، بالتعاون مع محافظة أسيوط، عدة معارض «أهلاً رمضان»، بهدف توفير السلع الغذائية ومستلزمات الحياة اليومية التى يحتاجها المواطن، بأسعار مخفضة تتراوح بين 25% و30% عن أسعار السوق للتخفيف عن كاهل المواطنين فى ظل الظروف الاقتصادية.
وتضمنت المعارض تشكيلة واسعة من السلع الغذائية الأساسية والضرورية للأسرة، بما فى ذلك اللحوم، السكر، الأرز، والزيوت، لضمان تلبية احتياجات المواطنين خلال الشهر الفضيل، كما نظم الحزب عدداً من المعارض فى محافظات الصعيد، لتوفير المنتجات بكميات كافية وبأسعار مناسبة.
وفى خطوة مميزة لدعم المواطنين فى محافظة الجيزة، افتتحت أمانة العياط بحزب الشعب الجمهورى شادراً ضخماً للسلع الغذائية، فى إطار مبادرة «مع الناس»، التى أطلقها الحزب.",REAL
,https://www.elwatannews.com/news/details/7858355,elwatan,"تشهد معارض «أهلاً رمضان» إقبالاً كبيراً من المواطنين على مختلف السلع الغذائية، للاستفادة من التخفيضات الكبيرة التى تصل إلى 30%، فى إطار جهود الدولة لتخفيف الأعباء عن المواطنين والحد من جشع التجار.
وأكدت مديريات التموين بالمحافظات أنه يتم تقديم تخفيضات على مختلف السلع الأساسية، مثل الزيت، السكر، الأرز، اللحوم، الدواجن، وياميش رمضان، لضمان توفيرها بأسعار مخفضة تناسب جميع الفئات.
وأكدت د. منال عوض، وزيرة التنمية المحلية، حرص الحكومة على استمرار إقامة معارض «أهلاً رمضان» بجميع محافظات الجمهورية كل عام، ومواصلة الجهود المبذولة من مختلف الوزارات والجهات المعنية لضمان توافر السلع الأساسية للمواطنين بأسعار مناسبة، وتنظيم الأسواق لدعمهم، خاصة مع اقتراب شهر رمضان.
وأشارت «عوض» إلى تكليفات الدكتور مصطفى مدبولى رئيس الوزراء بالتوسع فى إقامة المعارض قبل حلول الشهر الكريم بوقت كاف، لضمان توافر جميع السلع الأساسية التى يحتاجها المواطنون بأسعار مخفضة لمحاربة الغش التجارى ومنع احتكار أو إخفاء السلع ومواجهة ارتفاع الأسعار، فضلاً عن مواصلة تنفيذ المبادرات الرئاسية لدعم الفئات الأكثر احتياجاً لضمان تلبية احتياجات المواطنين.
وأجرت «منال» والمهندس أيمن عطية، محافظ القليوبية، جولة لعدد من المعارض، حيث أبدى المواطنون رضاهم عن وجود منفذ مدعم بأسعار أقل من السوق، مطالبين باستمرار مثل هذه المعارض.
وأكد «عطية» أن المعارض توفر السلع الغذائية اللازمة للمواطنين بجودة عالية وبأسعار مدعمة، والتى نظمتها الغرفة التجارية بالمحافظة وكبرى شركات ومصانع الأغذية بالمحافظة، مشيداً بتنوع المنتجات المعروضة التى تغطى احتياجات الأسرة الغذائية بتخفيضات تصل إلى 20-30% عن السوق المحلية.
وقال الدكتور محمد عطية الفيومى، أمين صندوق الاتحاد العام للغرف التجارية، إن معارض «أهلاً رمضان» تشهد إقبالاً كبيراً من المواطنين مما يخفف عن كاهلهم البسيط لما توفره من سلع أساسية بأسعار مخفضة، والتى تقيمها الغرف بالتعاون مع المحافظات بدعم من وزارة التجارة والصناعة ووزارة التموين والتجارة الداخلية، مشيراً إلى الاستمرار فى إنشاء المعارض تباعاً بمناطق مختلفة، وتجرى معاينة أكثر من موقع يتم إرسالها من قبل المحافظات لتحديد ما يصلح لإقامة معارض للسلع الغذائية بالمدن والأحياء.
وفى الفيوم، وصل عدد المعارض داخل المحافظة إلى 95 معرضاً ثابتاً ومتحركاً لتوفر السلع الغذائية الأساسية، وياميش رمضان.
وقال المحافظ د. أحمد الأنصارى إنه يتم التوسع فى الأسواق الأسبوعية المفتوحة، كما يتم تحفيز كل الجهات الرقابية فى المحافظة لمتابعة الأسواق والمعارض والإبلاغ عن أى تلاعب فى الأسعار أو حجب السعر عن السلعة.
وأوضح «الأنصارى» أنه يتم عقد اجتماعات مع الموردين والتجار وأعضاء الغرفة التجارية للتحضير للشهر الكريم، ويكون هناك اتفاق على كميات وجودة السلع واستمراريتها على مدار شهر رمضان، بنسب خصم من 20% إلى 30% فى السلع الرئيسية.
وفى المنوفية، بلغ عدد منافذ «أهلاً رمضان» 11 منفذاً على مستوى المحافظة.
وفى الشرقية، جار إقامة معارض أخرى ليصل عددها لـ32 معرضاً، فضلاً عن إقامة 12 شادراً موزعة على المدن كافة، لبيع الخضراوات واللحوم.
ووجّه المهندس حازم الأشمونى، محافظ الشرقية، بسرعة الانتهاء من إقامة معارض أهلاً رمضان بمختلف المراكز، مشيراً إلى تخصيص ركن ثابت لأهلاً رمضان داخل أسواق اليوم الواحد، لتزايد نسبة الاستهلاك وارتفاع معدلات الشراء، تزامناً مع اقتراب شهر رمضان.
وفى مطروح، قال المحافظ اللواء خالد شعيب، إنه تم الانتهاء من استعدادات شهر رمضان وتوفير جميع المواد الغذائية للمواطنين بأسعار أرخص من الأسواق ومواجهة جشع التجار بتخفيضات على جميع المعروض بنسبة 30%.
وفى بورسعيد، أعلن المحافظ اللواء محب حبشى، عن التجهيزات لإقامة معرض آخر لـ«أهلاً رمضان» فى مجمع أسواق حى العرب، يضم 80 بائعاً لمختلف السلع بأسعار مخفضة وتخفيضات تصل إلى 30% لخدمة المواطنين، فضلاً عن المواد الغذائية الأخرى والجزارة، إلى جانب السلع الرمضانية المتنوعة من البلح وغيرها، بأعلى جودة وبأسعار مخفضة وبخصومات كبيرة0.",REAL
,https://www.elwatannews.com/news/details/7858352,elwatan,"تشارك الغرف التجارية فى مبادرة معارض «أهلاً رمضان» لتوفير السلع الأساسية للمواطنين خلال شهر رمضان.
وقال أحمد الوكيل، رئيس اتحاد الغرف التجارية، إن معارض «أهلاً رمضان» على مستوى الجمهورية تأتى استمراراً للدور الوطنى للقطاع الخاص، وتحقيق الشراكة التامة مع الحكومة والعمل بكامل الطاقات الممكنة للمرور من الأزمة الاقتصادية الحالية، خاصة فيما يخص السلع الغذائية، موضحاً أن هناك معرضاً رئيسياً بعواصم المحافظات، بخلاف معارض فرعية بالمراكز فى كل محافظة، مع تخصيص ركن ثابت بأسواق اليوم الواحد والسلاسل التجارية والمجمعات الاستهلاكية، وطرح كافة السلع والمنتجات الأساسية للمواطنين بأسعار مخفضة.
وقال محمد سعدة، السكرتير العام للاتحاد العام للغرف التجارية، إن معارض «أهلاً رمضان» تلبى احتياجات المواطنين طوال شهر رمضان، بجودة عالية وكميات وفيرة وتخفيضات على الأسعار تصل إلى 30%، وتتجاوز هذه النسبة فى بعض السلع، حيث يضم المعرض أقساماً لبيع «الحبوب والبقوليات - الزيوت واللحوم والدواجن - ومنتجات الألبان - والعصائر والحلوى - ومستلزمات المنزل والأدوات البلاستيكية - وفوانيس رمضان والبخور - ومجموعة متنوعة من السلع الأساسية الأخرى».
وأوضح «سعدة» أن الغرف التجارية تحملت كافة تكاليف إقامة المعرض، لضمان تقديم السلع بأسعار مخفضة يشعر بها المواطنون، مشيراً إلى أنه تم تخصيص أرقام غرفة العمليات داخل المعارض لتلقى استفسارات المواطنين والتعامل الفورى مع أى شكاوى، وهناك وجود يومى للإشراف على المعارض، والتأكد من توافر المنتجات بالجودة المطلوبة، مع التنسيق المستمر مع الأجهزة المعنية لضمان نجاح المبادرة.
وقال المهندس أسامة الشاهد، رئيس مجلس إدارة الغرفة التجارية بالجيزة، عضو مجلس إدارة اتحاد الصناعات المصرية، إن معارض «أهلاً رمضان» هدفها توفير السلع بأسعار مناسبة للمواطنين، والاتحاد العام للغرف التجارية يلعب دوراً مهماً فى توفير السلع بأسعار مناسبة، وتوفير السلع للمواطنين بتخفيضات كبيرة، مشيراً إلى أن معارض «أهلاً رمضان» تشهد نسبة خصم على أسعار مختلف السلع الأساسية، والمنتجات الغذائية، والياميش والمكسرات جيدة، وتتضمن أكبر نسب تخفيضات ممكنة.
وأشار «الشاهد» إلى أن جميع التجار المشتركين فى المعرض تم انتقاؤهم من كبار التجار ومستوردى السلع، لتقليل حلقات التداول ليكون من التاجر الكبير إلى المواطن مباشرة، وتم عقد سلسلة من اللقاءات مع كافة المنتجين والتجار والمستوردين، لتوفير كميات ضخمة من السلع بالمعرض، حيث إن زيادة المعروض من السلع تحافظ على ثبات الأسعار، ومعارض أهلاً رمضان تأتى فى إطار الدور المجتمعى للغرف التجارية، للمساهمة فى توفير كافة احتياجات المواطنين قبيل بدء شهر رمضان، والذى يرتفع فيه حجم الطلب المحلى على السلع الغذائية بحوالى 50% عن أى وقت آخر خلال العام، وتم توفير المساحات المحددة للعرض مجاناً للتجار بالمعارض من خلال الغرفة التجارية، بالتنسيق مع الأجهزة التنفيذية بالمحافظات، لتخفيض التكلفة على التاجر ما ينعكس مباشرة على أسعار البيع للمواطن، ومؤكداً أن المعارض تخضع للمراقبة المستمرة لأسعار مختلف السلع لا سيما السلع الغذائية واللحوم.
وقال المهندس متى بشاى، رئيس لجنة التجارة الداخلية بالاتحاد العام للغرف التجارية، إن المعارض تدعم استقرار الأسواق، وهى جهد دائم من الاتحاد بالتنسيق مع التجار المشاركين، بهدف تخفيف الأعباء عن الأسر المصرية، والسلع متوافرة فى الأسواق بأسعار مخفضة، ما يعكس انخفاض الأسعار مقارنة بالعام الماضى، وجميع السلع الأساسية متاحة فى معارض «أهلاً رمضان».
وأوضح «بشاى» أن مصر تمتلك مخزوناً استراتيجياً من السلع الأساسية يكفى لستة أشهر على الأقل، وأن الحكومة تواصل جهودها لتأمين هذا المخزون لفترة طويلة لضمان استقرار الأسواق وعدم تعرض المواطنين لأى أزمات تضر بمصالحهم خلال شهر رمضان، والمعارض تأتى هذا العام بأسعار مخفضة تصل إلى 30% مقارنة بالأسواق، لتخفيف الأعباء عن المواطنين وتوفير السلع الأساسية بجودة عالية وأسعار مناسبة، وتشهد مشاركة واسعة من الشركات والعلامات التجارية الكبرى، ما يخلق مناخاً تنافسياً يسهم فى خفض الأسعار، والمعارض لا تقتصر فقط على تقديم تخفيضات للمستهلك بل تلعب دوراً محورياً فى تحقيق التوازن فى الأسواق، حيث تساعد على ضبط الأسعار خارج المعارض، من خلال خلق بيئة تنافسية تدفع التجار إلى تقديم عروض سعرية مناسبة، كما أن انتشار المعارض فى المحافظات يهدف إلى ضمان وصول التخفيضات إلى أكبر شريحة ممكنة من المواطنين، خاصة فى المناطق الأكثر احتياجاً، مع إمكانية مد فترات البيع وفقاً لاحتياجات السوق.
وقال خالد أبوالوفا، رئيس غرفة سوهاج التجارية، إن هناك متابعات مستمرة لضمان توافر السلع الأساسية واستقرار الأسعار فى الشوادر العامة وأسواق الخضر والفاكهة بالمحافظات استعداداً لاستقبال شهر رمضان، والغرفة تبذل جهوداً مكثفة بالتعاون مع الجهات المعنية والتجار لضمان استقرار السوق وتوفير جميع السلع بأسعار مناسبة، مشدداً على أهمية التنسيق المستمر بين الغرف التجارية والتجار لضمان عدم حدوث أى نقص فى المنتجات الأساسية، بجانب المتابعة اليومية لوضع الأسواق ورصد أى متغيرات قد تؤثر على توافر المنتجات، وهناك التزام من التجار والموردين بتوفير السلع بالكميات المطلوبة للحفاظ على استقرار الأسعار.
وأشار «أبوالوفا» إلى تأكيد التجار على توافر جميع السلع بكميات كبيرة فى الأسواق والشوادر العامة، والمعروض من الخضراوات والفاكهة يلبى احتياجات المواطنين خلال الفترة المقبلة، والأسعار مستقرة وتعكس حالة التوازن بين العرض والطلب، بما يضمن توفير المنتجات بأسعار عادلة للمستهلكين، وأكدوا التزامهم بالتعاون مع الجهات المعنية للحفاظ على استقرار السوق وتجنب أى ارتفاعات غير مبررة فى الأسعار مع اقتراب رمضان.",REAL
,https://alwan.elwatannews.com/news/details/7386733/%D9%81%D9%8A-%D9%88%D9%82%D9%81%D8%A9-%D8%B9%D8%B1%D9%81%D8%A9-%D8%A3%D8%B7%D8%B9%D9%85%D8%A9-%D9%88%D9%85%D8%B4%D8%B1%D9%88%D8%A8%D8%A7%D8%AA-%D8%AA%D8%AC%D9%86%D8%A8%D9%87%D8%A7-%D8%B9%D9%86%D8%AF-%D8%A7%D9%84%D8%A5%D9%81%D8%B7%D8%A7%D8%B1-%D8%A7%D9%84%D9%8A%D9%88%D9%85,elwatan,Not found,REAL
,https://alwan.elwatannews.com/news/details/7384729/%D8%AD%D8%A7%D8%AC-%D9%8A%D9%85%D9%86%D9%8A-%D9%85%D9%86-%D8%B0%D9%88%D9%8A-%D8%A7%D9%84%D9%87%D9%85%D9%85-%D8%A8%D9%83%D9%8A%D8%AA-%D8%B9%D9%86%D8%AF-%D8%B1%D8%A4%D9%8A%D8%AA%D9%8A-%D8%A7%D9%84%D9%83%D8%B9%D8%A8%D8%A9-%D9%88%D8%A7%D9%84%D8%AD%D8%AC-%D8%B1%D8%AD%D9%84%D8%A9-%D8%A7%D9%84%D8%B9%D9%85%D8%B1,elwatan,Not found,REAL
,https://alwan.elwatannews.com/news/details/7383559/%D8%A3%D8%A8%D8%B1%D8%B2-%D9%84%D9%82%D8%B7%D8%A7%D8%AA-%D8%AD%D9%81%D9%84-%D8%B2%D9%81%D8%A7%D9%81-%D9%85%D8%AD%D9%85%D8%AF-%D9%87%D8%A7%D9%86%D9%8A-%D9%88%D8%B4%D9%82%D9%8A%D9%82%D8%A9-%D8%B2%D9%88%D8%AC%D8%A9-%D8%AD%D8%B3%D8%A7%D9%85-%D8%BA%D8%A7%D9%84%D9%8A-%D8%B5%D9%88%D8%B1,elwatan,Not found,REAL
,https://alwan.elwatannews.com/news/details/7382557/%D8%B7%D9%81%D9%84-%D9%85%D8%A8%D8%AA%D9%88%D8%B1-%D8%A7%D9%84%D8%A3%D8%B7%D8%B1%D8%A7%D9%81-%D9%8A%D9%84%D9%87%D9%88-%D8%B9%D9%84%D9%89-%D8%B4%D8%A7%D8%B7%D8%A6-%D8%BA%D8%B2%D8%A9-%D9%86%D8%AD%D8%A8-%D8%A7%D9%84%D8%AD%D9%8A%D8%A7%D8%A9-%D8%A5%D8%B0%D8%A7-%D9%85%D8%A7-%D8%A7%D8%B3%D8%AA%D8%B7%D8%B9%D9%86%D8%A7-%D8%A5%D9%84%D9%8A%D9%87%D8%A7-%D8%B3%D8%A8%D9%8A%D9%84%D8%A7,elwatan,Not found,REAL
,https://alwan.elwatannews.com/news/details/7379362/%D9%85%D8%AA%D8%B1%D9%85%D9%8A%D9%87%D8%A7%D8%B4-%D8%A8%D8%B9%D8%AF-%D9%85%D8%A7-%D8%AA%D8%B4%D8%B1%D8%A8%D9%87%D8%A7-5-%D8%A7%D8%B3%D8%AA%D8%AE%D8%AF%D9%85%D8%A7%D8%AA-%D9%84%D9%86-%D8%AA%D8%AA%D9%88%D9%82%D8%B9%D9%87%D8%A7-%D9%84%D8%A8%D9%82%D8%A7%D9%8A%D8%A7-%D8%A7%D9%84%D9%82%D9%87%D9%88%D8%A9,elwatan,Not found,REAL
