Title,Link,website,Article_Text,date
,https://www.elwatannews.com/news/details/8204852,elwatannews.com,"يترقب عشاق الساحرة المستديرة، انطلاق صافرة مباراة مصر وكوت ديفوار المقرر انطلاقها مساء اليوم في ربع نهائي البطولة، إذ يدخل المنتخبان مواجهة لا تقبل أنصاف الحلول؛ تجمع بين الطموح والخبرة والتاريخ العريق، إذ يرغب المنتخبان في العودة إلى منصات التتويج مرة أخرى.
وتنطلق
على ملعب أدرار بالمغرب، وهو واحد من أكبر الملاعب التي تستضيف مباريات الأدوار الحاسمة، لهذا من المتوقع أن تشهد المباراة حضورا جماهيريا كبيرًا ليتناسب مع ثقل وقيمة مواجهة ربع النهائي.
تذاع في ربع نهائي كأس الأمم الأفريقية وفقًا للمواعيد التالية:
التردد: 11617
الاستقطاب: عمودي
معدل الترميز: 27500
القناة: مفتوحة (تحتاج جهاز يدعم Multistream)
القمر الصناعي: Eutelsat 9B
التردد: 12034
الاستقطاب: عمودي
معدل الترميز: 27500
القناة: مفتوحة
تمتلك شبكة beIN SPORTS حقوق البث الحصري لمباريات البطولة داخل الشرق الأوسط وشمال أفريقيا، وتنقل مباراة مصر وكوت ديفوار عبر:
beIN SPORTS MAX 1
beIN SPORTS MAX 2
beIN SPORTS MAX 3
beIN SPORTS MAX 4
مع تغطية تحليلية شاملة قبل وبعد ربع النهائي.
beIN SPORTS MAX 1
beIN SPORTS MAX 2
beIN SPORTS MAX 3
beIN SPORTS MAX 4
يمكنك ضبط القنوات الناقلة لمباراة مصر وكوت ديفوار على جهاز الاستقبال من خلال اتباع الخطوات التالية:",2026-01-11
,https://www.elwatannews.com/news/details/8205031,elwatannews.com,"تمكن المنتخب المصري من الصعود إلى نصف نهائي كأس الأمم الإفريقية، بعد تمكنه من التغلب على كوت ديفوار بنتيجة 3 – 2، بأقدام عمر مرموش ومحمد صلاح ورامي ربيعة، بينما أحرز أحمد فتوح هدفا في مرماه، وسجل المدافع الأيمن دووي الهدف الثاني للمنتخب الإيفواري.
ونشر مانشستر سيتي بعد المباراة مباشرة عبر صفحته الرسمية صورة لاعبه عمر مرموش، معلقا: «ابن مصر»، وسرعان ما انتشرت الصورة بشكل كثيف عبر منصات مواقع التواصل الاجتماعي.
ونجح
في تخطي عقبة الأفيال ليلتقي يوم الأربعاء المقبل في السادسة مساءً، منتخب السنغال في نصف نهائي البطولة، وعلى الجانب الآخر يلعب المنتخب النيجيري مع نظيره المغربي.
حراسة المرمى: محمد الشناوي.
خط الدفاع: محمد هاني - رامي ربيعة - حسام عبد المجيد - ياسر إبراهيم - أحمد فتوح.
الوسط: مروان عطية - حمدي فتحي - إمام عاشور.
الهجوم :
- عمر مرموش.
وعلى مقاعد البدلاء: أحمد الشناوي - مصطفى شوبير - أحمد عيد - محمد إسماعيل - خالد صبحي - محمود صابر - محمد شحاته - إبراهيم عادل - مهند لاشين - أحمد سيد زيزو - محمود تريزيجيه - مصطفى فتحي - أسامة فيصل - صلاح محسن - مصطفى محمد.",2026-01-11
,https://www.elwatannews.com/news/details/8205033,elwatannews.com,"حرص نادي ليفربول الإنجليزي على الاحتفال بفوز منتخب مصر على كوت ديفوار، والتأهل إلى الدور نصف النهائي من بطولة كأس الأمم الأفريقية، بعد مباراة قوية، شهدت تألق نجمه المصري محمد صلاح، لاعب الريدز وقائد الفراعنة، الذي ساهم بشكل حاسم في هذا الانتصار التاريخي.
وعقب نهاية اللقاء، شاركت الصفحة الرسمية
صورًا لمحمد صلاح من المباراة، وعلّقت بعبارة لاقت تفاعلًا واسعًا من الجماهير، جاء فيها: «مين قدي ده.. أنا نيلها جوة في دمي»، في إشارة واضحة إلى الروح القتالية والانتماء الكبير الذي يتمتع به النجم المصري سواء مع ناديه الإنجليزي أو منتخب بلاده، وهو التعليق الذي حظي بآلاف الإعجابات والمشاركات من جماهير ليفربول والمشجعين المصريين.
وحقق
على منتخب كوت ديفوار بنتيجة 3-2، في المباراة التي أقيمت اليوم على ملعب أدرار بالمغرب، ضمن منافسات الدور ربع النهائي من البطولة، ليضرب الفراعنة موعدًا مع منتخب السنغال في نصف النهائي، في مواجهة مرتقبة تعيد إلى الأذهان صدامات قوية بين المنتخبين في السنوات الأخيرة.
وبهذا الفوز، يؤكد منتخب مصر عزمه القوي على المنافسة على لقب كأس الأمم الأفريقية، مستندًا إلى خبرات لاعبيه الكبار، وعلى رأسهم محمد صلاح، الذي واصل كتابة فصول جديدة من التألق، ليس فقط داخل الملاعب الأفريقية، بل أيضًا في قلوب جماهير نادي ليفربول التي لم تتأخر في الاحتفاء بنجمها المصري عقب هذا الانتصار الكبير.",2026-01-11
,https://www.elwatannews.com/news/details/8205034,elwatannews.com,"تأهل منتخب مصر إلى دور نصف النهائي من بطولة كأس الأمم الأفريقية 2025، وذلك بعد الفوز على كوت ديفوار في الدور ربع النهائي من البطولة، ليلتقي بالسنغال في لقاء قوي بينهما.
يرغب محبو وعشاق الساحرة المستديرة إلى معرفة موعد مباراة مصر والسنغال في لقاء الدور نصف النهائي من بطولة كأس الأمم الأفريقية 2025، المقامة حاليا في المغرب
يلتقي
مع نظيره السنغالي على ملعب «ابن بطوطة» في مدينة طنجة، في لقاء حاسم بالدور نصف النهائي من البطولة، والذي يقام الساعة السابعة مساء يوم الأربعاء المقبل، بتوقيت القاهرة.
يمكن متابعة المباراة عبر مجموعة من القنوات المفتوحة والمدفوعة، سواء عبر الأقمار الصناعية أو البث الأرضي، لضمان مشاهدة اللقاء بجودة عالية ومتابعة كل تفاصيله.
تعتبر beIN SPORTS MAX 2 HD القناة الرئيسية لنقل مباريات كأس أمم إفريقيا بجودة عالية HD، مع تحليل فني شامل قبل وبعد المباراة.
تردد القناة:
نايل سات:
التردد: 12418
الاستقطاب: عمودي (V)
معدل الترميز: 27500
معامل تصحيح الخطأ: 3/4
عرب سات:
التردد: 12149
الاستقطاب: أفقي (H)
معدل الترميز: 27500
معامل تصحيح الخطأ: 3/4
تقدم القناة الجزائرية الرياضية تغطية مجانية للبطولة، ويمكن استقبالها داخل الجزائر والمناطق المجاورة عبر القمر الصناعي نايل سات.
تردد القناة:
نايل سات:
التردد: 11680
الاستقطاب: أفقي (H)
معدل الترميز: 27500
معامل تصحيح الخطأ: 5/6
تُعتبر
خيارًا ممتازًا لمتابعة المباراة مجانًا داخل المغرب ومناطق شمال إفريقيا، حيث تبث اللقاء بدون تشفير.
تردد القناة على عرب سات:
القمر الصناعي: عرب سات
التردد: 12160
الاستقطاب: عمودي (V)
معدل الترميز: 27500
معامل تصحيح الخطأ: 3/4",2026-01-11
,https://www.elwatannews.com/news/details/8205036,elwatannews.com,"تلقى الفنان محمد رمضان صدمة جديدة، وذلك بعد أقل من شهرين على وفاة والده في نوفمبر الماضي، إذ أعلن منذ قليل وفاة خاله.
ونعى
خاله عبر حسابه الرسمي على فيسبوك: «إنا لله وإنا إليه راجعون.. توفي إلى رحمة الله خالي وصديقي وحبيبي مصطفى أحمد عبد المحسن.. أسألكم الدعاء له بالرحمة».
وشهدت مواقع التواصل الاجتماعي تفاعلًا واسعًا مع منشور
، إذ حرص عدد كبير من جمهوره وزملائه في الوسط الفني على تقديم التعازي والدعاء للفقيد، متمنين له الرحمة ولأسرته الصبر والسلوان.",2026-01-11
,https://www.elwatannews.com/news/details/8205027,elwatannews.com,"خطف هدف عمر مرموش المبكر في شباك منتخب كوت ديفوار الأضواء داخل وخارج القارة الإفريقية، بعدما افتتح نجم مانشستر سيتي التسجيل للفراعنة في الدقيقة الرابعة من المواجهة، مسجلًا ثالث أسرع هدف في تاريخ منتخب مصر بالأدوار الإقصائية لكأس أمم إفريقيا.
ونشرت الصفحة الرسمية لـ«الدوري الإنجليزي» المقدمة باللغة العربية، مقطع فيديو بتعليق إنجليزي على مباراة مصر وكوت ديفوار، مع التركيز على
وقال المعلق: «مهاجم أستون فيلا السابق يتقدم، لمسة أخرى، يسيطر عليها ببراعة، يا له من أداء مذهل من الفراعنة! هذا افتكاك من الطراز الرفيع، وصناعة رائعة من أمام عاشوَر، مررها بلمسة ساحرة، ومرموش فعل ما يكفي ليتقدم أمام كوسينو، ثم أسكنها الشباك ببراعة متجاوزًا الحارس وهدف رائع لا يصدق، هكذا يعتزم الفراعنة اللعب ضد الفيل الليلة».
 التعليق الإنجليزي على هدف عمر مرموش مع المنتخب المصري. 
وجاء هدف مرموش بعد هجمة منظمة وسريعة، استغل خلالها المساحات خلف الدفاع، وتقدم بخطوة حاسمة قبل مدافع كوت ديفوار، ليضع الكرة بثقة في الشباك، مانحًا المنتخب المصري دفعة معنوية كبيرة منذ الدقائق الأولى، ومربكًا حسابات أصحاب الأرض.
ويُعد هذا الهدف امتدادًا لسلسلة البدايات القوية التي طالما ميّزت المنتخب المصري في الأدوار الإقصائية، حيث يمنح التسجيل المبكر أفضلية نفسية وتكتيكية للفراعنة، ويسمح لهم بإدارة إيقاع المباراة بذكاء وانضباط.
وبتسجيله في الدقيقة الرابعة، انضم عمر مرموش إلى قائمة أسرع هدافي مصر في تاريخ
، خلف الأسطورتين محمد دياب «ديبة» الذي سجل في الدقيقة الثانية عام 1957، وحسن الشاذلي الذي هز شباك كوت ديفوار في الدقيقة الثالثة عام 1970، ليؤكد مرموش حضوره كأحد أبرز نجوم الجيل الحالي القادرين على كتابة فصل جديد في تاريخ الكرة المصرية، وسط إشادة دولية تعكس قيمته الفنية المتصاعدة في الملاعب الأوروبية.",2026-01-11
,https://www.elwatannews.com/news/details/8205035,elwatannews.com,"افتتح الدكتور أحمد فؤاد هَنو، وزير الثقافة، والكاتب إسماعيل عبدالله، أمين عام الهيئة العربية للمسرح، فعاليات الدورة السادسة عشرة من مهرجان المسرح العربي بالقاهرة، والذي تنظمه الهيئة العربية للمسرح بالتعاون مع وزارة الثقافة، خلال الفترة من 10 إلى 16 يناير 2026، برعاية الرئيس عبدالفتاح السيسي.
ويأتي المهرجان تزامنًا مع الاحتفاء باليوم العربي للمسرح، وتحت شعار «نحو مسرح عربي جديد ومتجدد»، إذ يُدير المهرجان الكاتب إسماعيل عبدالله، أمين عام الهيئة العربية للمسرح، والمخرج الكبير خالد جلال، المنسق العام للمهرجان، وغنام غنام، مسؤول المجال الإعلامي بالمهرجان.
وخلال كلمته، قال الدكتور أحمد فؤاد هَنو،
: «أهلًا بكم على أرض الكنانة، أرض الحضارة والإبداع، حيث صاغ أجدادنا قبل آلاف السنين قصصًا مسرحية خالدة، لتظل صدى يتردد في وجداننا، ورسالة عن قوة الكلمة والخيال والفن، ومن جديد، تفتح القاهرة أبواب مسارحها لتستقبل واحدًا من أبرز الأحداث المسرحية على الأجندة الثقافية العربية، باحتضانها فعاليات الدورة السادسة عشرة من مهرجان المسرح العربي، الذي تنظمه الهيئة العربية للمسرح بالتعاون مع وزارة الثقافة المصرية، تحت رعاية الرئيس عبد الفتاح السيسي، وبدعم كريم من صاحب السمو الشيخ الدكتور سلطان بن محمد القاسمي».
وأضاف وزير الثقافة: «إن انعقاد هذا المهرجان على أرض مصر يؤكد مكانة القاهرة كعاصمة دائمة للثقافة العربية، وحاضنة للفنون والإبداع، ويجدد الإيمان بدور المسرح بوصفه فنًا حيًا، ومساحة حرة للفكر والتنوير، ومرآة صادقة تعكس قضايا الإنسان العربي وطموحاته، وتزامنًا مع احتفالاتنا باليوم العربي للمسرح، تلك المناسبة التي جسّدت عبر سنواتها المتعاقبة قوة المسرح كفن عربي أصيل، قادر على تجاوز حدود الزمان والمكان، وتوحيد مشتركنا الإنساني والثقافي، وجعل اللغة العربية لغة للمشهد والحوار والمعنى، وحاضنة للتنوع والاختلاف الخلّاق».
وتابع وزير الثقافة: «ونحن إذ نرحب بضيوف مصر الكرام من الفنانين والنقاد والباحثين والمهتمين بالمسرح، في أكبر نسخة للمهرجان تضم أكثر من 700 مبدع عربي، نؤكد حرص وزارة الثقافة المصرية على دعم الحراك المسرحي العربي وتوفير المناخ الملائم لازدهاره، إيمانًا بأن الفنون، وفي مقدمتها المسرح، ركيزة أساسية في بناء الإنسان وترسيخ قيم الجمال والتسامح والانفتاح، ونعدكم بنسخة استثنائية امتدت فعالياتها وورشها إلى عدد من المحافظات، ويعقبها – وللمرة الأولى – ملتقى لفنون الدمى، بما يثري المشهد المسرحي ويفتح له آفاقًا أوسع».
واختتم وزير الثقافة كلمته مهنئًا جميع المسرحيين المشاركين في هذه الدورة، متمنيًا أن تكون محطة للإبداع والتجديد والتعاون، وأن يعكس المسرح العربي حضوره ومكانته على الساحتين الإقليمية والدولية، ويبعث برسالة حية عن ثقافة وفن عربي أصيل نابض بالحياة.
ومن جانبه، استهل الكاتب إسماعيل عبد الله، أمين عام الهيئة العربية للمسرح، كلمته بنقل تحيات صاحب السمو الشيخ الدكتور سلطان بن محمد القاسمي، عضو المجلس الأعلى لاتحاد دولة الإمارات العربية المتحدة، حاكم الشارقة، الرئيس الأعلى للهيئة العربية للمسرح، مؤكدًا اعتزازه بزمالة المسرحيين العرب، باعتباره كاتبًا ومفكرًا وصاحب رسالة اليوم العالمي للمسرح عام 2007، ورسالة اليوم العربي للمسرح عام 2014، والذي يعتبر اجتماع المسرحيين العرب على أرض الكنانة عيدًا مسرحيًا كبيرًا.
ووجّه عبد الله الشكر العميق لفخامة الرئيس عبد الفتاح السيسي لرعايته الكريمة لهذه الدورة، مؤكدًا أن هذه الرعاية تعكس المكانة التي بات يحتلها المسرح ضمن مؤشرات البناء الثقافي الجديد، وقال:«فمصر التي نراها اليوم تبعث المجد مجددًا وتتخذ المستقبل مُجدِّدًا، ونفخر بأن مهرجاننا بهذه الرعاية صورة من الصور المضيئة التي يشرق بها عام 2026.
وأعرب عبد الله عن امتنانه وتقديره لوزير الثقافة الدكتور أحمد فؤاد هَنو، مشيدًا بما يبذله من دعم وجهود، كما وجّه الشكر للمنسق العام للمهرجان الفنان خالد جلال، ولأعضاء اللجنة التنسيقية من رؤساء القطاعات والهيئات والمؤسسات التابعة للوزارة، ومديري المسارح والعاملين بها، تقديرًا لما بذلوه من جهد كبير في الإعداد لهذه الدورة لتخرج في أبهى صورها.
وأضاف عبد الله:«هي المرة الثالثة التي تحتضن فيها أم الدنيا مهرجان المسرح العربي؛ احتضنته في أولى نسخه عام 2009، ثم عاد إليها في دورته الحادية عشرة، وها هي تناديه اليوم في دورته السادسة عشرة، لتؤكد أن علاقة مصر بالمهرجان والمشاركين فيه علاقة الأم بأبنائها».
ووجّه التحية لكل العاملين من فنيين وتقنيين في المهرجان، واصفًا إياهم بالجنود المجهولين الذين يعملون بإتقان وتفانٍ ليبدع غيرهم، ويقطف الجمهور ثمرة هذا الجهد.
وأوضح عبد الله أن
هي بيت كل المسرحيين العرب، كما أرادها صاحب الفكرة والرؤى والمبادرات، مشيرًا إلى أحدث مبادراتها، ومنها جائزة التميز المسرحي للشباب، والمهرجان العربي للمسرح المدرسي، واللتان تنطلقان خلال عام 2026 بإذن الله، مؤكدًا أن كل دورة من دورات المهرجان هي ابنة زمانها ومكانها وإنسانها، وتربح من سابقتها ومن عصرها، وتسعى إلى التقاط اللحظة ورسم طريق نحو فجر مسرحي جديد.
وتابع عبد الله في استطراد وجداني: «هنا مصر.. مآذن وقباب وأهل وأحباب، ومحبة بلا حساب… هنا النكتة حالة تراجيدية يجابه بها البسطاء صعوبة الحياة… وهنا نسلم على أرواح زكي طليمات وجورج أبيض ويوسف وهبي ونجيب الريحاني وعلي الكسار، وأحمد شوقي وسيد درويش وسلامة حجازي، وأمينة رزق وشكوكو وبديع وعادل خيري، وعبد الرحمن الشرقاوي وكرم مطاوع وسعد أردش وسعد الدين وهبة وتوفيق الحكيم ويوسف إدريس وسميحة أيوب وسمير سرحان وفوزي فهمي ومحمد عناني ونهاد صليحة ولينين الرملي وألفريد فرج، ونحيّي شهداء بني سويف الأبرار، ونلوّح بالتحية للقادمين من النجوع والأرياف وقصور الثقافة… هؤلاء هم خيرة أهلها… المسرحيون».
واختتم عبد الله كلمته قائلًا:«ونقول لمصر: مصر يَمّا يا بهية… يا أم طرحة وجلابية… الزمن شاب وانتِ شابة…».
كما ألقى الدكتور سامح مهران كلمة اليوم العربي للمسرح، مؤكدًا أن المسرح دائمًا هو ابن لعصره، وأن العملية المسرحية فعل نقدي يقوم على تفكيك الخطابات السائدة وكشف بنى السلطة والمعرفة، ويقاوم المسلمات ويزعزع البديهيات، بما يمكّن الإنسان من ممارسة حريته حتى في ظل الشروط القسرية.
وأشار مهران إلى تعقيدات العالم المعاصر، وما فرضته تقنيات الاتصال الحديثة من عزلة واستلاب، مؤكدًا أن المسرح يظل أحد أهم الفضاءات القادرة على إعادة الإنسان إلى محيطه الاجتماعي، وتعزيز التفاعل الإيجابي من أجل التغيير.
وأضاف أن القوة الأخلاقية للمسرح تكمن في العلاقة التي تنشأ بين ما يفعله العمل المسرحي بالإنسان، وما يفعله الإنسان به، بما يسهم في تحسين الذات والحياة معًا، ومن الأنا يتشكل مجتمع «النحن» القابل دومًا لإعادة التعريف.
ووجّه مهران الشكر العميق للهيئة العربية للمسرح ومجلس أمنائها على اختياره لإلقاء كلمة المسرح العربي في هذه الدورة.
وفي ختام حفل الافتتاح، كرّم وزير الثقافة وأمين عام الهيئة العربية للمسرح عددًا من القامات والجهات المسرحية تقديرًا لعطائهم وإسهاماتهم، حيث شملت قائمة المكرمين: الفنان الكبير محمد صبحي والفنان الكبير أحمد بدير، والفنانة القديرة فردوس عبد الحميد، والناقدة عبلة الرويني، والفنانة مصممة الديكور نهى برادة، والمخرج عباس أحمد، والمخرج ناصر عبد المنعم، والمخرج مراد منير، والمخرجة والكاتبة فاطمة المعدول، والمخرج عصام السيد، والدكتور أبو الحسن سلام، والناقد عبد الرازق حسين، والدكتور محمد شيحة، والدكتور أسامة أبو طالب، والكاتب بهيج إسماعيل، والدكتور جلال حافظ، والدكتورة سميرة محسن، إلى جانب الجمعية المصرية لهواة المسرح، وفرقة الورشة، ومركز الإبداع الفني، والمسرح الكنسي، وتجربة نوادي المسرح بالهيئة العامة لقصور الثقافة.
وأقيم حفل الافتتاح بالمسرح الكبير بدار الأوبرا المصرية، وأخرجه المبدع خالد جلال، وقدمته الفنانة القديرة رانيا فريد شوقي، وتضمن فقرة فنية متنوعة، أعقبها عرض فيلم توثيقي عن أبرز فعاليات الدورة، ثم تقديم لجنة التحكيم.
ويشهد المهرجان في دورته السادسة عشرة تقديم 14 عرضًا مسرحيًا من أبرز التجارب العربية، تتنافس على جائزة صاحب السمو الشيخ الدكتور سلطان بن محمد القاسمي لأفضل عرض مسرحي، إلى جانب عرض واحد ضمن المسار الثاني، بمشاركة فرق من المغرب وقطر وتونس والإمارات ولبنان والعراق والأردن والكويت ومصر.
وتأتي هذه الفعاليات ضمن جهود الهيئة العربية للمسرح، بالتعاون مع وزارة الثقافة المصرية، لترسيخ ثقافة التكريم، ودعم المسرح بوصفه أحد أهم أدوات التنوير وبناء الوعي في العالم العربي",2026-01-11
,https://www.elwatannews.com/news/details/8205030,elwatannews.com,"- وزير الاستثمار يتفقد مصنعي "" الأقصر ماتريس"" ومشروع شركة
Eagle Wood Industries
- الخطيب: أهمية تشجيع المنتج المحلي وتعميق الصناعة المصرية في مختلف المحافظات
- محافظات الصعيد تشهد تطوراً ملحوظاً في البنية التحتية وبيئة الاستثمار، بما يدعم جذب المزيد من الاستثمارات
قام المهندس حسن الخطيب، وزير الاستثمار والتجارة الخارجية، بزيارة ميدانية للمنطقة الحرة العامة بقفط بمحافظة قنا، شملت تفقد المصانع والمشروعات القائمة بداخلها، وذلك في إطار المتابعة المستمرة للموقف التنفيذي للمشروعات الاستثمارية ودعم الاستثمار الصناعي بمحافظات الصعيد.
ورافق الوزير في جولته التفقدية الدكتور خالد عبد الحليم، محافظ قنا، والمهندس محمد الجوسقي، الرئيس التنفيذي للهيئة العامة للاستثمار والمناطق الحرة، إلى جانب عدد من قيادات وزارة الاستثمار والتجارة الخارجية.
وتقع المنطقة الحرة العامة بقفط بمحافظة قنا، على بعد 50 كيلومترًا شمال مدينة الأقصر، ونحو 150 كيلومترًا من ميناء سفاجا على البحر الأحمر. وتبلغ المساحة المسلَّمة للمشروعات نحو 441.6 ألف متر مربع، في حين تبلغ المساحة الشاغرة القابلة للتخصيص نحو 52.2 ألف متر مربع، بما يعكس استمرار توافر فرص استثمارية جديدة داخل المنطقة الحرة الصناعية.
وتضم المنطقة الحرة العامة حاليًا عدد 7 مشروعات قائمة، بإجمالي رؤوس أموال تقدر بنحو 9 ملايين دولار، وتكاليف استثمارية تبلغ 15.4 مليون دولار، وتوفر عدد كبير من فرص العمل المباشرة.
وتأتي هذه الجولة في إطار متابعة الموقف التنفيذي للمناطق الحرة، ودعم جهود تعظيم الاستفادة من الإمكانات الصناعية، وتعزيز مساهمة تلك المناطق في زيادة الصادرات وتوفير فرص العمل.
وخلال الجولة تفقد الوزير مصنع Luxor Mattress – بالمنطقة الحرة، المتخصص في تصنيع المراتب وسوست المراتب، والذي يستهدف تصدير 80% من إنتاجه إلى خارج البلاد، بإجمالي تكلفة استثمارية تبلغ 3.3 مليون دولار ، ويقام المشروع على مساحة 28668.71 متر مربع.
واطلع الوزير على خطوط الإنتاج المختلفة بالمشروع ، كما تابع الموقف الهندسي، وشاهد الانتهاء من المباني والإنشاءات الخاصة بهنجر الإنتاج الأول، والانتهاء من بناء الأسوار، وجارٍ استكمال باقي أعمال المباني والإنشاءات لهنجر الإنتاج الثاني والمبنى الإداري للشركة، وذلك في إطار ترخيص مزاولة النشاط الساري حتى 13 مايو 2026.
وأكد الوزير خلال جولته على أهمية تشجيع المنتج المحلي وتعميق الصناعة المصرية في مختلف المحافظات، مشيراً إلى أن مشروعات مثل الأقصر للمراتب تمثل نموذجاً ناجحاً للاستثمار الصناعي بالمناطق الحرة، وتسهم في زيادة الصادرات وخلق فرص عمل حقيقية ودعم سلاسل الإنتاج المحلية.
كما تفقد الوزير مشروع شركة إيجل وود إندستريز Eagle Wood Industries ، المتخصص في تصنيع ألواح الكونتر والأبلكاش ومشتقاته، والذي يستهدف تصدير 70% من إنتاجه إلى خارج البلاد، برأس مال 1.5 مليون دولار ، وبإجمالي تكلفة استثمارية تبلغ 7.5 مليون دولار ، ويقام المشروع على مساحة 7313.29 متر مربع.
واطلع الوزير على سير العمل بالمشروع ، كما تابع الموقف الهندسي، وشاهد الانتهاء من المباني والإنشاءات الخاصة بالمصنع، وعمليات التجهيزات النهائية لخطوط الإنتاج والمبنى الإداري للشركة، وذلك في إطار ترخيص مزاولة النشاط الساري حتى 16 نوفمبر 2026.
وأكد الوزير أن مشروعات الصناعات الخشبية تمثل أحد القطاعات الواعدة لدعم الصناعة المحلية وزيادة الصادرات، لما لها من دور في إحلال المنتج المحلي وتعميق التصنيع داخل السوق المصري، مشيراً إلى أن مشروع إيجل وود إندستريز يعكس قدرة محافظات الصعيد على استقطاب استثمارات إنتاجية توفر فرص عمل وتسهم في تنمية الاقتصاد المحلي.
وأشار الوزير إلى أن محافظات الصعيد تشهد تطوراً ملحوظاً في البنية التحتية وبيئة الاستثمار، بما يدعم جذب المزيد من الاستثمارات خلال المرحلة المقبلة، ويعزز دور الصعيد كمحرك رئيسي للتنمية.",2026-01-11
,https://www.elwatannews.com/news/details/8205026,elwatannews.com,"قال محمود العناني، رئيس الاتحاد العام لمنتجي الدواجن، إن استمرار جهود الدولة في توفير الأعلاف وتوافر العملة الصعبة أسهما في إتاحة كميات كبيرة من الجدود، التي تُعد أساس الصناعة، ما أدى إلى زيادة الإنتاج بشكل كبير للغاية، وأصبح الإنتاج يفوق الاستهلاك، فتراجعت الأسعار إلى 55 جنيهًا للكيلو في فراخ التسمين، وهو أقل بكثير من التكلفة التي تصل إلى 70 جنيهًا، كما وصل سعر البيض إلى 105–110 جنيهات.
وأوضح، خلال مداخلة هاتفية ببرنامج «الصورة» الذي تقدمه الإعلامية
على شاشة النهار، أنه مع إفطار المسيحيين بعد الصيام الصغير في عيد الميلاد المجيد، وإشهار الطلب خلال شهري رجب وشعبان، وانتظار شهر رمضان المبارك، وتزامن كل ذلك مع فصل الشتاء، الذي يشهد في المعتاد ارتفاعًا في التكلفة الإنتاجية مع زيادة عمليات التدفئة وتكلفة الوقود، إلى جانب تراجع أداء المزارع قليلًا في فصل الشتاء.
ولفت إلى أن كل العوامل السابقة أدت إلى تحسن التوازن بين العرض والطلب، ومع زيادة الطلب ارتفعت الأسعار بعض الشيء من 55 جنيهًا للكيلوجرام إلى 65 جنيهًا للكيلو، ثم 75 جنيهًا «السعر اليوم وصل إلى 70 جنيهًا للكيلوجرام، وهو سعر المزرعة، ويتم إضافة ما بين 8 إلى 10 جنيهات وصولًا للمستهلك».
وقاطعته الحديدي قائلة: «برضه كتير، حتى لو
ارتفعت بعض الشيء لتعويض تراجع الأسعار، مش ممكن تبقى بمقدار 16%، كتير وإحنا داخلين على شهر رمضان المبارك، متعوضوش الخسارة من جيب المواطن؟» ليرد: «مافيش مبالغة في الأسعار، لأن 70 جنيهًا للكيلوجرام في المزرعة و80 جنيهًا للمستهلك سعر عادل وليس به مبالغة، ويكفي أن سعر كيلو الجبنة يجيب ثلاث فراخ».
وأردف: «تكلفة الكتكوت تقترب إلى 20 جنيهًا، وسعره وصل إلى 25–27 جنيهًا، ثم عاد وانخفض مرة أخرى بسبب زيادة الطلب من قبل المنتجين في دورات رمضان الإنتاجية، فكل الناس تريد الدخول في دورة إنتاجية تغطي السوق حتى 10 رمضان.. الناس كانت متخوفة من ارتفاع الأسعار في رمضان، ولكن أعد الناس بعدم المبالغة في رمضان، ولن يحدث ذلك، وما يُحدد الأسعار هو عملية العرض والطلب، والجيد هذه المرة أن العرض عالٍ جدًا، وكمية الكتاكيت في مصر أعلى بنسبة 20% مقارنة بنفس الفترة من العام الماضي، وهذا معناه أن الأسعار ستبقى منضبطة».
وعن تلويح وزارة الزراعة بفتح باب الاستيراد في حال استمرار ارتفاع الأسعار، علّق قائلًا:«مافيش أي مخلوق في إيده ينزل ويطلع الأسعار، الفراخ منتج طازج لابد أن يٌباع في يومه ولايمكن تخزينها ولا احتكارها، وأنا مطمئن أن العرض عالٍ مُقارنة بالعام الماضي الأسعار أقل من 15-20% لأن كميات الدوواجن ستكون متاحة بشكل كبير في شهر رمضان».",2026-01-11
,https://www.elwatannews.com/news/details/8205023,elwatannews.com,"شهدت الحلقة 18 من برنامج دولة التلاوة، قراءة مشتركة ومميزة بين المتسابق محمود السيد والقارئ البريطاني محمد أيوب عاصف، نالت إعجاب لجنة التحكيم التي أشادت بجمال الصوتين وتناغمهما وروح الأداء الرفيع.
وأثناء صعود الشيخ
إلى المسرح للقراءة بجوار محمود السيد، عبّر عن تقديره الكبير له قائلًا: «الشيخ محمود حبيبنا وزميلنا وأخونا، وسافرنا سويًا في حفلات، وهو علم من أعلام التلاوة»، قبل أن يصافحه ويقبّله ويحتضنه، في مشهد مؤثر جسّد روح المحبة والإخوة بين القراء.
وأكدت لجنة التحكيم، أن هذه اللحظات تعكس رسالة البرنامج في تعزيز القيم الإنسانية إلى جانب الإتقان الفني، وترسّخ مكانة مصر
تجمع المواهب من مختلف الجنسيات في أجواء من الاحترام والتقدير المتبادل.",2026-01-11
,https://www.elwatannews.com/news/details/8205022,elwatannews.com,"أسفرت نتائج الحلقة الثامنة عشرة من برنامج دولة التلاوة عن حصول المتسابق محمد القلاجي على 275 درجة، متصدرًا التقييم، فيما جاء المتسابق محمود السيد عبد الله في المركز الثاني بحصوله على 274 درجة، ليضمن الاثنان التأهل إلى الجولة المقبلة من المسابقة.
وفي المقابل، حصل المتسابق
شفيق على 271 درجة، ليخرج مبدئيًا من المنافسة، مع بقاء فرصة أمامه للعودة من جديد عبر تصويت الجمهور على منصات البرنامج بمواقع التواصل الاجتماعي وتطبيق Watch It.
وشهدت الحلقة 15 من برنامج
قراءة قرآنية مشتركة ومميزة بين المتسابق محمد القلاجي والقارئ البريطاني الشيخ محمد أيوب عاصف، إذ أبهر الأداء المشترك، لجنة التحكيم وأثار إعجابهم الكبير بجمال الصوتين وتناسقهما.",2026-01-11
,https://www.elwatannews.com/news/details/8205039,elwatannews.com,"تمكنت قوات الحماية المدنية بالإسكندرية من السيطرة على حريق نشب داخل مخزن بلاستيك بمنطقة أبيس الأولى، اليوم السبت، دون تسجيل أي إصابات بشرية، وذلك بعد استجابة سريعة من الأجهزة الأمنية والتنفيذية المختصة.
بدأت الواقعة بتلقي الأجهزة الأمنية بمديرية أمن الإسكندرية إخطارًا من مأمور قسم شرطة ثالث المنتزه، يفيد بورود بلاغ إلى غرفة النجدة باندلاع حريق بمنطقة أرض المعسكر، الواقعة في نطاق دائرة القسم. وعلى الفور، انتقلت قوات الشرطة مدعومة بسيارات الإسعاف ورجال الحماية المدنية إلى موقع البلاغ.
وبمجرد وصول القوات إلى مكان الحريق، جرى فرض كردون أمني حول المنطقة المحيطة بالمخزن، وذلك لمنع امتداد ألسنة اللهب إلى العقارات والمنشآت المجاورة، إلى جانب تأمين حركة المارة وحماية الأرواح والممتلكات.
وكشفت المعاينة الأولية أن
يرجع إلى حدوث ماس كهربائي داخل مخزن خردة، قبل أن تمتد النيران إلى مخزن كرتون وبلاستيك على مساحة تقدر بنحو 1000 متر مربع، إضافة إلى مخزن مواد خشبية مجاور، ما ساهم في زيادة كثافة النيران وسرعة انتشارها.
ونجحت
في السيطرة الكاملة على الحريق، كما بدأت أعمال التبريد المكثفة لضمان عدم تجدد اشتعال النيران مرة أخرى، مع استمرار المتابعة الميدانية لحين التأكد من انتهاء جميع مصادر الخطورة.
تم تحرير محضر بالواقعة بقسم شرطة ثالث المنتزه، وأُخطرت جهات التحقيق المختصة لتولي التحقيقات اللازمة، وبيان مدى توافر اشتراطات السلامة داخل المخازن، واتخاذ الإجراءات القانونية المناسبة.",2026-01-11
,https://www.elwatannews.com/news/details/8204924,elwatannews.com,"تشهد أسعار الذهب اليوم في مصر تحركات ملحوظة، إذ أعلنت شعبة الذهب والمجوهرات سعر جرام الذهب عيار 21 اليوم السبت 10-1-2026 داخل السوق المحلية، وسط استمرار صعود العيار الأكثر تداولا ومبيعا في مصر، متأثرًا بارتفاع سعر أونصة الذهب عالميا وتحركات الأسواق الدولية.
وبحسب آخر تحديثات
، جاءت أسعار الذهب اليوم في مصر قبل إضافة المصنعية والضريبة على النحو التالي:
سجل سعر جرام الذهب عيار 24 نحو 6905 جنيهات للشراء، و6880 جنيها للبيع.
بلغ
عيار 21 اليوم السبت نحو 6042 جنيها للشراء، و6022 جنيها للبيع.
ووصل سعر جرام الذهب عيار 18 إلى 5179 جنيها للشراء، و5162 جنيها للبيع.
وسجل سعر الجنيه الذهب نحو 48 ألفا و336 جنيها للشراء، و48 ألفا و176 جنيها للبيع.
وعلى الصعيد العالمي، ارتفع سعر أونصة الذهب لتسجل نحو 4509 دولارات، ما انعكس على أسعار الذهب اليوم في مصر، خاصة سعر جرام الذهب عيار 21 الذي يظل المؤشر الأبرز لحركة السوق.",2026-01-11
,https://www.elwatannews.com/news/details/8204921,elwatannews.com,"عقدت الهيئة المصرية العامة للبترول، جمعيات لاعتماد الموازنات التخطيطية للعام المالي المقبل 2026-2027 لشركات بتروسلام، عش الملاحة، ومجاويش للبترول، بحضور قيادات الهيئة ووزارتي الاستكشاف والإنتاج عبر تقنية الفيديو كونفرانس.
وأكد المهندس صلاح عبدالكريم، الرئيس التنفيذي للهيئة، أن استراتيجية
واضحة، والدولة ملتزمة بالشركاء فيما يخص الاتفاقيات وسداد الالتزامات المالية لتلبية احتياجات السوق المحلية، مع تقديم حوافز للاستثمار ودراسات جدوى فنية واقتصادية قابلة للتنفيذ.
وأوضح أن الهيئة توفر منصة مركز عمليات الأمن السيبراني لحماية الاستثمارات من الهجمات الإلكترونية، بإشراف الدكتور محمد أبوالمجد ومهندس تكنولوجيا المعلومات خالد صلاح الدين، كجزء من تعزيز بيئة عمل آمنة ومستدامة.
وشدد المهندس أشرف بهاء رئيس شركة جنوب الوادي القابضة للبترول على أهمية تكامل العمليات والإدارة الكفؤة للأصول، والالتزام بمعايير السلامة والصحة المهنية وحماية البيئة.
وخلال جمعية بتروسلام، قدم الجيولوجي عبد الحميد الجويلي رئيس الشركة، الميزانية المعدلة للعام الجاري والمقترحة للعام المقبل، التي تقدر بنحو 67 مليون دولار، بهدف إنتاج نحو 5 آلاف برميل يوميًا، مع استكمال إصلاح الآبار الحالية والتخطيط لحفر آبار استكشافية وتنموية جديدة.
وفي جمعية عش الملاحة وبتروملاحة للبترول، جرى التأكيد على أهمية وجود برنامج حفر واضح للسنوات القادمة لحجز الحفارات، وزيادة موازنات أنشطة السلامة والصحة المهنية وحماية البيئة، ووضع نظم حماية سيبرانية، بالإضافة إلى جهود التحول الطاقي، وبلغت الموازنة الاستثمارية للشركتين نحو 27 مليون دولار، مع خطط
استكشافية وتنموية جديدة وزيادة الإنتاج.
أما جمعية مجاويش للبترول، عرض المهندس سامي الشحات خطة الشركة لاستغلال الفرص البترولية بالامتياز، مع حفر بئرين استكشافيين خلال العامين المقبلين، مؤكدًا الالتزام بالخطة الخمسية الطموحة 2026-2030 لمضاعفة الإنتاج والاحتياطيات، وحظيت جهود الهيئة بدعم الشركاء وتذليل المعوقات من خلال التكامل مع مؤسسات الدولة.
وشارك في فعاليات الجمعيات نواب الهيئة وكبار المهندسين في مجالات الإنتاج والاستكشاف والاتفاقيات والتخطيط والسلامة وحماية البيئة، بالإضافة إلى ممثلي شركات جنوب الوادي القابضة وبوابة مصر الرقمية للاستكشاف والإنتاج EUG لتعزيز التنسيق والإشراف على تنفيذ الخطط الاستثمارية.",2026-01-11
,https://www.elwatannews.com/news/details/8204917,elwatannews.com,"احتلت مصر المرتبة الأولى إفريقيا في مؤشر جاهزية الحكومات للذكاء الاصطناعي لعام 2025 الصادر عن Oxford Insights، إذ تقدمت 14 مركزًا في المؤشر لتشغل المركز 51 عالميًا من بين 195 دولة، محققة 57.5 نقطة، مقارنة بالمركز 65 من بين 188 دولة محققة 55.6 نقطة في عام 2024، كما جاءت مصر في المرتبة الثالثة عربيًا، مقابل المركز السابع عربيًا فى العام الماضى.
وتصدرت مصر الترتيب العالمى فى محور قدرة السياسات (Policy Capacity) محققة 100 نقطة كاملة، مشاركة كلا من المملكة المتحدة وصربيا وأستراليا، وهو المحور الذي يقيس قدرة الحكومة على صياغة وتنفيذ سياسات فعالة في
، بما يتوافق مع رؤية وطنية واضحة لتوجيه استخدامات الذكاء الاصطناعى لخدمة الدولة، إلى جانب تقييم مدى توافر الموارد اللازمة لتنفيذ هذه الرؤية، ومستوى المشاركة فى الاتفاقيات الدولية ذات الصلة.
كما جاءت مصر في
في محور المرونة (Resilience)، الذي يقيس قدرة الدولة على إدارة التحديات الاجتماعية والاقتصادية والبيئية الناجمة عن التوسع فى تبنى تطبيقات الذكاء الاصطناعى، بما فى ذلك الاستعداد للتعامل مع المخاطر المحتملة التى قد تمس أمن المجتمع نتيجة التوسع فى برامج الذكاء الاصطناعى.
تعقيبا علي نتائج المؤشر، قال الدكتور عمرو طلعت، وزير الاتصالات وتكنولوجيا المعلومات، إن التقدم عكس نجاح الجهود التي تبذلها وزارة الاتصالات وتكنولوجيا المعلومات في توظيف تقنيات الذكاء الاصطناعي لخدمة المجتمع، من خلال وضع إطار متكامل من السياسات الداعمة للاستخدام المسؤول والفعال لهذه التقنيات، وفى مقدمتها إطلاق الإصدار الثانى من الاستراتيجية الوطنية للذكاء الاصطناعى مطلع عام 2025.
وأشار الوزير إلى أن الاستراتيجية ترتكز على ستة محاور رئيسية تشمل: الحوكمة لضمان الاستخدام المسؤول للذكاء الاصطناعى، وتطوير التطبيقات لتطويع هذه التقنيات لتحسين كفاءة الخدمات وتطوير القطاعات، وتعزيز إتاحة وجودة البيانات من خلال تنظيم تداولها وحوكمتها، وتوفير بنية تحتية متقدمة لتمكين تطوير الذكاء الاصطناعى ونشره، إلى جانب بناء نظام بيئى داعم للابتكار من خلال دعم الشركات الناشئة المحلية وتعزيز استثمارات مؤسسات رأس المال المخاطر، فضلا عن تنمية وتوسيع قاعدة المهارات والكفاءات الوطنية فى مجال الذكاء الاصطناعى.
وأضاف «طلعت» أن من أبرز العوامل التي أسهمت في تعزيز تقدم مصر في المؤشر ما تحقق من جهود لتعزيز التعاون الدولي والإقليمي في هذا المجال، ودعم الشراكات مع المؤسسات والشركات العالمية، وكذلك ما تحقق من تطور وتوسع في برامج بناء القدرات الرقمية المتخصصة التي تنفذها الوزارة لمختلف الفئات العمرية، ولموظفي الجهاز الإداري للدولة، فضلا عن تنظيم المسابقات المتخصصة، ودعم البحث العلمي والأفكار المبتكرة في مجال الذكاء الاصطناعي؛ وذلك بالإضافة إلى تفوق مصر فى مجال الأمن السيبرانى، وتصنيفها ضمن أفضل 12 دولة على مستوى العالم بحصولها على 100 نقطة كاملة فى مؤشر الأمن السيبرانى العالمى الصادر عن الاتحاد الدولى للاتصالات، بما يدعم بناء منظومة ذكاء اصطناعى آمنة.
ولفت الوزير إلى النجاحات التى حققها مركز الابتكار التطبيقى فى تطوير منظومات ذكية تخدم قطاعات حيوية، من بينها منظومة الكشف المبكر عن سرطان الثدى باستخدام الذكاء الاصطناعى، ومنظومة تحويل الصوت إلى نص مكتوب ضمن منظومة التقاضى عن بُعد.
الجدير بالذكر أن مصر كانت قد حققت تقدما قدره 46 مركزا فى مؤشر جاهزية الحكومات للذكاء الاصطناعى خلال الفترة من 2019 إلى 2024، حيث ارتفعت من المركز 111 عالميًا فى عام 2019 إلى المركز 65 عالميًا فى عام 2024.",2026-01-11
,https://www.elwatannews.com/news/details/8204897,elwatannews.com,"شهدت البنوك المصرية اليوم السبت 10 يناير 2026، استقرارا نسبيا في أسعار العملات العربية مقابل الجنيه المصري، وفقا لآخر التحديثات المعلنة على المواقع الرسمية للبنوك.
ونوضح فيما يلي تفاصيل سعر شراء وبيع أبرز
في مصر اليوم:
يعتبر
من أعلى العملات العربية قيمة أمام الجنيه المصري، إذ سجل:
سعر الشراء: 154.42 جنيه
سعر البيع: 154.92 جنيه
سعر الشراء: 12.59 جنيه
سعر البيع: 12.62 جنيه
استقر الدرهم الإماراتي أمام الجنيه المصري اليوم عند:
سعر الشراء: 12.85 جنيه
سعر البيع: 12.89 جنيه
سجل الدينار البحريني مقابل الجنيه المصري:
سعر الشراء: 125.20 جنيه
سعر البيع: 125.58 جنيه
بلغ الريال القطري أمام الجنيه المصري اليوم:
سعر الشراء: 12.95 جنيه
سعر البيع: 12.99 جنيه
سعر الشراء: 66.48 جنيه
سعر البيع: 66.86 جنيه",2026-01-11
,https://www.elwatannews.com/news/details/8204889,elwatannews.com,"شهد سعر الدولار مقابل الجنيه المصري اليوم السبت 10 يناير 2026 حالة من الاستقرار أمام العملة المحلية لدى معظم البنوك العاملة ضمن النظام المصرفي المصري، وسجل الدولار مستوى 47.20 جنيه للشراء، وسط توقعات باستمرار انخفاضه خلال الفترة المقبلة، مدعوما بزيادة تدفقات النقد الأجنبي لدى البنك المركزي المصري.
وعلى صعيد المؤشرات العالمية، فقد ارتفع
DXH6» لعقود مارس 2026 بشكل طفيف خلال جلسة الخميس 9 يناير، ليصل إلى 98.890 نقطة، بزيادة قدرها 0.200 نقطة، أي بنسبة 0.20% مٌقارنة بالإغلاق السابق، مع تداول المؤشر اليومي بين 98.640 و99.220 نقطة، في حين تراوح نطاقه خلال الـ 52 أسبوعًا بين 95.845 و110.015 نقطة، مما يعكس استقرارًا نسبيًا وسط تقلبات الأسواق العالمية.
سجل سعر الدولار مقابل الجنيه المصري اليوم 47.23 جنيه للشراء، و47.33 جنيه للبيع.
فيما جاء
مقابل الجنيه المصري اليوم في بنك مصر 47.23 جنيه للشراء و47.33 جنيه للبيع.
يباع سعر الدولار مقابل الجنيه المصري اليوم في بنك القاهرة بمبلغ 47.25 جنيه للشراء و47.35 جنيه للبيع.
جاء سعر الدولار مقابل الجنيه المصري اليوم في بنك الإسكندرية 47.18 جنيه للشراء و47.28 جنيه للبيع.
سعر الدولار مقابل الجنيه المصري اليوم لدى البنك التجاري الدولي بمبلغ 47.22 جنيه للشراء و47.32 جنيه للبيع.
جاء سعر الدولار في بنك فيصل الإسلامي بمبلغ 47.23 جنيه للشراء و47.33 جنيه للبيع.
مع استمرار تحسن مؤشرات النقد الأجنبي، من المتوقع أن يشهد السوق المصرفية المصري، مزيدًا من الاستقرار في سعر الدولار مقابل الجنيه خلال الأيام المقبلة، ما يدعم حركة الاستثمارات المحلية.",2026-01-11
,https://www.elwatannews.com/news/details/8205032,elwatannews.com,"كشف شاهد عيان فنزويلي عن استخدام الولايات المتحدة سلاحًا متطورًا غير معروف خلال العملية العسكرية التي استهدفت اعتقال الرئيس الفنزويلي نيكولاس مادورو، مؤكدًا أن تأثيره أدى إلى شلل الجنود وسقوطهم أرضًا مع نزيف حاد من الأنف وتقيؤ دموي، بحسب تقرير نشرته صحيفة «نيويورك بوست» الأمريكية.
وجاءت الشهادة في تقرير عبر منصة «إكس»، ونقلتها المتحدثة باسم
، في خطوة أثارت تساؤلات حول طبيعة السلاح المستخدم ودلالات نشر الرواية رسميًا.
وقال الشاهد، الذي كان ضمن القوة المكلفة بحراسة الموقع، إن العملية بدأت بتعطل مفاجئ لكل أنظمة الرادار دون سابق إنذار، قبل أن تظهر أعداد كبيرة من الطائرات المسيّرة تحلق فوق المواقع العسكرية، ما أربك القوات المدافعة ودفعها إلى حالة من العجز الكامل عن الرد.
وأضاف أن عددًا محدودًا من المروحيات، لا يتجاوز ثماني، هبطت في المنطقة، وأنزلت نحو 20 جنديًا أمريكيًا فقط، إلا أن هؤلاء كانوا مزودين بتكنولوجيا وصفها بأنها تفوق أي شيء واجهوه سابقًا.
وأوضح الشاهد أن ما تلا ذلك لم يكن اشتباكًا عسكريًا تقليديًا، بل عملية حسم سريعة، مشيرًا إلى دقة وسرعة إطلاق النار بشكل غير مسبوق.
ثم تحدث عن لحظة استخدام
قائلًا: «أُطلق شيء لا أستطيع وصفه بدقة.. كان أشبه بموجة صوتية شديدة، شعرت وكأن رأسي ينفجر من الداخل».
وبحسب روايته، أدى ذلك إلى آثار فورية تمثلت في نزيف الأنف، وفقدان القدرة على الحركة، وسقوط الجنود أرضًا دون قدرة على الوقوف، ما حسم المواجهة خلال وقت قصير.
وأكد الشاهد أن القوة الأمريكية الصغيرة تمكنت من القضاء على مئات الجنود دون تسجيل أي خسائر في صفوفها، مرجعًا ذلك إلى التفوق التكنولوجي الكبير، فيما أعلنت وزارة الداخلية الفنزويلية مقتل نحو 100 عنصر من قوات الأمن خلال هجوم الثالث من يناير، دون تأكيد ما إذا كانت جميع الوفيات مرتبطة بالسلاح الغامض.
ونقل التقرير عن مصدر استخباراتي أمريكي سابق قوله إن الولايات المتحدة تمتلك منذ سنوات تقنيات لأسلحة الطاقة الموجهة، مشيرًا إلى أن بعض هذه الأنظمة قادرة على إحداث أعراض مثل النزيف، العجز الحركي، الألم الشديد، والحروق، مؤكدًا أن نسخًا من هذه التكنولوجيا موجودة منذ عقود.",2026-01-11
,https://www.elwatannews.com/news/details/8204989,elwatannews.com,"تلقى عدد كبير من الإسرائيليين، رسائل نصية قصيرة تحمل تهديدًا، أرسلها رقم يُرجح أنه بريطاني، وجاءت مكتوبة باللغة الإنجليزية، بحسب القناة الثانية الإسرائيلية.
وجاء في الرسائل: «نحن قادمون، انظروا إلى السماء عند منتصف الليل»، في تلميح يعتقد أنه يحاكي سيناريوهات هجمات صاروخية مشابهة لتلك التي وقعت خلال حرب الأيام الـ12 مع
.
وبحسب القناة الإسرائيلية الثانية، تأتي هذه الرسائل بعد أقل من أسبوع على رسائل مشابهة وصلت لإسرائيليين، تضمنت تحذيرات بالنجاة وأرفقت معلومات شخصية، بما في ذلك أرقام هويات.
يرجح خبراء الأمن أن تكون هذه الرسائل جزءًا من عملية
وتضليل إعلامي تقف خلفها جهات إيرانية، فيما قالت الهيئة الوطنية للأمن السيبراني في إسرائيل إن الهدف منها لا يتجاوز بث الذعر بين المواطنين.
تزامن إرسال الرسائل مع تقارير عن اختراق حسابات على مواقع التواصل الاجتماعي لشخصيات إسرائيلية بارزة، من بينهم رئيس ديوان مكتب رئيس الوزراء تساحي برافرمان، ورئيس الوزراء السابق نفتالي بينيت، ووزيرة العدل السابقة أييليت شاكيد.
وأعلنت مجموعة قرصنة إيرانية تعرف باسم «حنظلة» مسؤوليتها عن الاختراقات، ونشرت مواد قالت إنها استُخرجت من حسابات الشخصيات المستهدفة.",2026-01-11
,https://www.elwatannews.com/news/details/8204970,elwatannews.com,"عاد ملف جزيرة «جرينلاند» ليحتل صدارة الجدل الدولى من جديد، بعدما أعاد الرئيس الأمريكى، دونالد ترامب، طرح فكرة ضم الجزيرة إلى الولايات المتحدة، فى خطوة بدت صادمة لكثير من العواصم الغربية، ومقلقة لخبراء القانون الدولى والنظام العالمى، فبينما حاولت بعض الأوساط التعامل مع التصريحات باعتبارها «مناورة سياسية»، أو امتداداً لأسلوب «ترامب» غير التقليدى، سرعان ما كشفت تسريبات وتقارير إعلامية، من بينها ما نشرته مجلة «نيوزويك» ووكالة «رويترز»، أن الأمر يتجاوز حدود التصريحات، إلى بحث فعلى لخيارات تتراوح بين الشراء المباشر، واستخدام أدوات ضغط اقتصادية، وصولاً إلى عدم استبعاد التدخل العسكرى.
ووفق تقرير نشرته «نيوزويك» هذا الأسبوع، فقد أكد البيت الأبيض، فى أكثر من مناسبة، أن مسألة «جرينلاند» تحظى بمناقشات «جدية» داخل أروقة الإدارة الأمريكية، مبرراً ذلك باعتبارات تتعلق بالأمن القومى وموقع الجزيرة الاستراتيجى فى قلب القطب الشمالى، غير أن هذا التبرير لم يخفف من حدة القلق الدولى، بل زاده تعقيداً، خاصة فى ظل ما يُنظر إليه باعتباره تجاهلاً صريحاً لقواعد راسخة تحكم العلاقات بين الدول منذ نهاية الحرب العالمية الثانية، وعلى رأسها مبدأ احترام السيادة الوطنية وعدم جواز الاستيلاء على الأراضى بالقوة، أو تحت الإكراه.
ويكشف التقرير أن «إدارة ترامب» درست بالفعل سيناريوهات غير مسبوقة، من بينها تقديم مبالغ مالية مباشرة لسكان «جرينلاند»، البالغ عددهم نحو 57 ألف نسمة، فى محاولة لإضفاء طابع «القبول الشعبى» على فكرة الانتقال إلى السيادة الأمريكية، ووفق هذه الطروحات، تراوحت التقديرات بين 10 آلاف و100 ألف دولار لكل فرد، بما يعنى كلفة إجمالية قد تصل إلى نحو 5.7 مليار دولار، ورغم أن هذا الرقم يبدو كبيراً ظاهرياً، فإن خبراء يرون أنه لا يمثل سوى جزء ضئيل من أى صفقة محتملة، ولا يعكس بأى حال القيمة الحقيقية للجزيرة، أو تعقيد وضعها القانونى والسياسى.
الرفض الدنماركى جاء حاسماً منذ اللحظة الأولى، حيث أكدت كوبنهاجن أن الجزيرة «ليست للبيع»، وأن أى محاولة لفرض السيطرة الأمريكية، سواء عبر الضغوط الاقتصادية، أو القوة العسكرية، ستُعد انتهاكاً صارخاً للقانون الدولى، ولم تكتفِ الدنمارك بذلك، بل حذرت صراحة من أن مثل هذه الخطوة قد تقوِّض أسس حلف شمال الأطلسى «الناتو»، وتضعه أمام اختبار وجودى غير مسبوق، فكيف يمكن لحلف دفاعى، يقوم على مبدأ التضامن المشترك، أن يستمر إذا هدد أحد أعضائه سيادة عضو آخر؟
القلق الأوروبى لم يقتصر على البعد القانونى، بل امتد إلى التداعيات الجيوسياسية الأوسع، حيث إن «جرينلاند» تمثل حلقة مركزية فى التوازنات الاستراتيجية داخل القطب الشمالى، وهى منطقة تشهد تنافساً متصاعداً بين الولايات المتحدة وروسيا والصين، فى ظل ذوبان الجليد، وفتح مسارات بحرية جديدة، ومن هذا المنطلق يرى مراقبون أن الطموح الأمريكى لا ينفصل عن سباق النفوذ العالمى، ومحاولة تأمين موقع متقدم فى منطقة يُتوقع أن تكون إحدى ساحات الصراع الكبرى فى العقود المقبلة.
أما من حيث القيمة الاقتصادية، فإن تقدير «سعر» جرينلاند يظل مسألة إشكالية بامتياز، فالمساحة الهائلة للجزيرة، التى تتجاوز 836 ألف ميل مربع، وموقعها الجغرافى الفريد، وثرواتها الطبيعية الكامنة، تجعل من المستحيل تقريباً التعامل معها كصفقة عقارية تقليدية، وتاريخياً يعود آخر عرض أمريكى رسمى لشراء الجزيرة إلى عام 1946، حين عرض الرئيس هارى ترومان 100 مليون دولار، وهو عرض قوبل بالرفض، أما اليوم، وبعد تغير جذرى فى موازين القوى والقيمة الاستراتيجية للقطب الشمالى، فإن تقديرات الخبراء تتراوح بين عشرات ومئات المليارات من الدولارات، بل وتصل فى بعض الحسابات إلى تريليونات الدولارات.
وتشير دراسات صادرة عن مراكز أبحاث أمريكية إلى أن القيمة النظرية للموارد المعدنية فى جرينلاند قد تبلغ نحو 4.4 تريليون دولار، تشمل معادن نادرة تُعد أساسية لصناعات التكنولوجيا المتقدمة والطاقة المتجددة والدفاع، غير أن هذه التقديرات تبقى افتراضية إلى حد كبير، إذ إن الجزء القابل للاستخراج حالياً لا يتجاوز 186 مليار دولار، بسبب الظروف البيئية القاسية، وصعوبات البنية التحتية، والتكلفة الباهظة لعمليات التعدين فى بيئة قطبية شديدة الحساسية.
فى مواجهة هذه الطموحات، تتصاعد التحذيرات من خطورة اختزال القضية فى منطق «السعر المناسب»، خبراء القانون الدولى يشددون على أن فكرة بيع إقليم ذى سيادة تتعارض مع جوهر النظام الدولى الحديث، الذى يقوم على احترام الحدود المعترف بها دولياً، وحق الشعوب فى تقرير مصيرها، ويؤكد هؤلاء أن تشجيع مثل هذا المنطق قد يفتح الباب أمام سوابق خطيرة، تُضعف قواعد الاستقرار العالمى، وتعيد إحياء سياسات القوة التى سادت فى عصور سابقة.
اللافت أن الاعتراضات لم تقتصر على الخارج، بل امتدت إلى الداخل الأمريكى، حيث صدرت مواقف من الحزبين الجمهورى والديمقراطى داخل الكونجرس تحذر من التداعيات السياسية والأخلاقية لمثل هذا المسار.
وتختتم «نيوزويك» تقريرها بالقول إن الجدل الدائر حول «جرينلاند» يكشف عن مفارقة جوهرية فى السياسة الدولية المعاصرة، صراع بين منطق المصالح الجيوسياسية والاقتصادية، ومنطق القيم والمبادئ، التى يُفترض أنها تحكم النظام العالمى. وبين خيار الشراء بالدولار، أو التلويح بالقوة، تقف «جرينلاند» بوصفها اختباراً حقيقياً لحدود الطموح الأمريكى، ولمدى قدرة النظام الدولى على الصمود فى وجه عودة منطق الصفقات على حساب السيادة وإرادة الشعوب.",2026-01-11
,https://www.elwatannews.com/news/details/8204967,elwatannews.com,"فى خطوة تعكس تصاعد التحركات العسكرية ذات الأبعاد السياسية، رست سفن حربية تابعة لكل من الصين وروسيا وإيران فى أحد الموانئ الجنوب أفريقية، تمهيداً لانطلاق مناورات بحرية مشتركة تستمر أسبوعاً كاملاً، فى توقيت بالغ الحساسية، يشهد احتداماً فى التوترات الدولية على خلفية العمليات العسكرية الأمريكية فى فنزويلا وشمال المحيط الأطلسى، وتأتى هذه التدريبات، التى تحمل اسم «إرادة السلام 2026»، فى سياق يصفه مراقبون بأنه يؤشر إلى مرحلة جديدة من «الاستقطاب الجيوسياسى» بين القوى الكبرى، ويعيد طرح تساؤلات بشأن مآلات النظام الدولى وتوازناته.
ووفق تقرير لصحيفة «فاينانشيال تايمز»، أعلنت قوات الدفاع الوطنى فى جنوب أفريقيا، فى بيان رسمى، أن المناورات التى بدأت الجمعة، ستشهد مشاركة دول من إطار «بريكس بلس»، فى إشارة إلى الصيغة الموسعة لتجمع «بريكس»، الذى يضم، إلى جانب أعضائه المؤسسين، دولاً جديدة، انضمت خلال الفترة الأخيرة، وأكدت وزارة الدفاع الصينية، من جانبها، أن بكين وموسكو ستشاركان فى التدريبات، إلى جانب جنوب أفريقيا، دون الكشف عن تفاصيل دقيقة تتعلق بطبيعة القوات المشاركة، أو نطاق العمليات المخطط لها.
وفى تطور لافت، شوهدت هذا الأسبوع أكبر سفينة فى الأسطول الإيرانى، «مكران»، أثناء دخولها إلى خليج «فولس»، قرب ميناء «سيمونز تاون» البحرى، فى إقليم كيب الغربية، والسفينة، التى تُستخدم كمنصة دعم لوجيستى للبحرية الإيرانية، جرى تحويلها من ناقلة تجارية، كانت تُعرف سابقاً باسم «الخليج الفارسى»، ورغم أن الصين وجنوب أفريقيا لم تعلنا رسمياً مشاركة إيران فى المناورات، فإن تأكيد مسئولين وصول السفينة الإيرانية إلى المياه الجنوب أفريقية عزز التكهنات بشأن دور طهران فى التدريبات، وأضفى على المناورات أبعاداً سياسية إضافية.
وتعيد هذه التحركات إلى الذاكرة انتقادات حادة وجهتها واشنطن إلى بريتوريا فى فبراير 2023، حين أجرت جنوب أفريقيا مناورات بحرية مشتركة مع روسيا والصين، تزامناً مع الذكرى الأولى لاندلاع الحرب الروسية الأوكرانية، ومنذ ذلك الحين، اتسع نطاق تجمع «بريكس» بانضمام دول من بينها إيران ومصر وإثيوبيا وإندونيسيا والإمارات العربية المتحدة، ما عزز من ثقله السياسى والاقتصادى على الساحة الدولية، لكنه فى المقابل أثار مخاوف غربية متزايدة من تحوله إلى منصة ذات طابع سياسى وأمنى مناوئ للغرب.
وتأتى مناورات «إرادة السلام 2026» فى سياق دولى شديد التعقيد، بعد خطوات أمريكية مثيرة للجدل، شملت إلقاء القبض على الرئيس الفنزويلى نيكولاس مادورو، الحليف الوثيق لكل من موسكو وبكين فى أمريكا الجنوبية، إضافة إلى مصادرة ناقلة نفط روسية فى شمال المحيط الأطلسى، كما ساهمت تصريحات الرئيس الأمريكى، دونالد ترامب، التى لوّح فيها بإمكانية التدخل العسكرى ضد إيران إذا استخدمت القوة لقمع الاحتجاجات المناهضة للنظام، فى رفع منسوب التوتر، وإضفاء طابع تصعيدى على المشهد.
وتحمل مشاركة السفينة الإيرانية «مكران» دلالات خاصة، إذ كانت قد أُدرجت على قائمة العقوبات الأمريكية من قبل وزارة الخزانة، للاشتباه فى محاولتها نقل زوارق هجومية سريعة إلى فنزويلا، وهى مهمة لم تُستكمل، وفق الرواية الأمريكية، ويرى مراقبون أن وجود السفينة فى المياه الجنوب أفريقية لا يمكن فصله عن الرسائل السياسية المتبادلة بين طهران وواشنطن، وأنه يتجاوز كونه تحركاً عسكرياً تقنياً إلى كونه مؤشراً على اصطفافات إقليمية ودولية آخذة فى التشكل.
فى المقابل، شددت قوات الدفاع الوطنى فى جنوب أفريقيا على أن المناورات ذات طابع دفاعى، وتهدف إلى تنفيذ «عمليات مشتركة لضمان سلامة الملاحة والأنشطة الاقتصادية البحرية»، مؤكدة أن التدريبات ستركز على الأمن البحرى، والتنسيق العملياتى، ورفع مستوى الجاهزية والتشغيل البينى بين القوات المشاركة، غير أن هذه التوضيحات لم تنجح فى تهدئة الجدل السياسى، الذى أثارته المناورات داخل البلاد، فقد أعرب حزب «التحالف الديمقراطى»، أكبر شركاء الائتلاف الحاكم بقيادة «المؤتمر الوطنى الأفريقى»، عن قلقه البالغ إزاء التدريبات، معتبراً أن أى مشاركة إيرانية محتملة تمثل مصدر قلق خاص.
فى المقابل، رأى المحلل السياسى فرانس كرونيى أن إشراك إيران فى المناورات، إن تأكد، لا يُعد مفاجئاً، مشيراً إلى أن سياسة جنوب أفريقيا تجاه طهران تتسم بالوضوح منذ سنوات، وأن العلاقات بين البلدين تقوم على شراكة استراتيجية، وُصفت بأنها «أخوية»، وأضاف أن هذه العلاقات تنعكس فى مواقف بريتوريا الإقليمية والدولية، وفى سعيها إلى تنويع شراكاتها خارج الإطار الغربى التقليدى.
أما الأكاديمى الجنوب أفريقى، آدم حبيب، نائب رئيس جامعة «سواس» فى لندن، فقد أقر بأن الصورة الرمزية للمناورات مع إيران تثير مخاوف مشروعة، لكنه أشار فى الوقت ذاته إلى أن السياسات الأمريكية خلال السنوات الأخيرة دفعت دولاً غير منحازة، مثل جنوب أفريقيا، إلى البحث عن بدائل وشراكات توازن الضغوط الغربية.
واختتمت «فاينانشيال تايمز» تقريرها بالقول إنه فى ظل غياب تعليق رسمى فورى من رئاسة جنوب أفريقيا، يبقى الجدل مفتوحاً حول دلالات مناورات «إرادة السلام 2026»، وما إذا كانت تمثل مجرد تدريبات بحرية دورية، أم مؤشراً على انتقال تجمع «بريكس» إلى مرحلة جديدة، تتداخل فيها الأبعاد الاقتصادية مع الحسابات العسكرية، فى عالم يتجه بخطى متسارعة نحو مزيد من الاستقطاب والتنافس بين القوى الكبرى.",2026-01-11
,https://www.elwatannews.com/news/details/8204964,elwatannews.com,"فى قلب طهران، حيث تختلط أصوات الهتافات بوقع الأبواب المغلقة، وتتصادم أحلام الشباب مع واقع اقتصادى خانق، تتشكل صورة معقدة لمجتمع يعيش واحدة من أكثر لحظاته قسوة واضطراباً منذ «الثورة الإسلامية». الاحتجاجات المتصاعدة، التى اتخذت طابعاً أكثر حدة ودموية فى الأسابيع الأخيرة، لم تعد مجرد تعبير عن غضب عابر، بل تحولت إلى مرآة تعكس حجم الانهيار المعيشى، وعمق الإحباط السياسى، واتساع الفجوة بين الدولة والمجتمع، فى وقت تتزايد فيه الضغوط الدولية والتهديدات الغربية بفرض عقوبات إضافية إذا ما استمر القمع.
وسط هذه الأجواء المشحونة، رصدت صحيفة «الجارديان»، عبر شهادات حية لمواطنين إيرانيين من خلفيات اجتماعية ومهنية متنوعة، ملامح المزاج العام داخل العاصمة، وكيف ينظر الإيرانيون إلى الاحتجاجات، وإلى مستقبل الجمهورية الإسلامية، والسيناريوهات المحتملة فى حال تراجع أو سقوط النظام القائم. اللافت أن هذه الشهادات لا تعكس موقفاً واحداً أو رؤية موحدة، بل تكشف عن طيف واسع من المشاعر والمواقف، يتراوح بين اليأس الكامل، والأمل الحذر، والتطلع إلى تغيير تدريجى، أو حتى الرهان على تدخل خارجى، يعيد رسم المشهد السياسى من جذوره.
«مهسا» اسم مستعار أطلقته «الجارديان» على مصممة أزياء شابة، تبلغ 36 عاماً، لتقدم صورة مكثفة لمعاناة الطبقة المتوسطة، التى كانت تعتمد على الاقتصاد الرقمى والمشروعات الصغيرة. تعيش مع أسرتها، وتدير نشاطها التجارى عبر الإنترنت، حيث تبيع تصميماتها من الملابس، معتمدة على الترويج عبر المؤثرين ومنصات التواصل الاجتماعى، غير أن الاضطرابات الأخيرة قلبت حياتها رأساً على عقب، لتتوقف المبيعات تماماً ويتجمد نشاط صفحتها. لم تخسر «مهسا» سوقها فقط، بل وجدت نفسها محاصرة بأموال فقدت معظم قيمتها نتيجة انهيار العملة، وبأقمشة شتوية اشترتها بأسعار مرتفعة ولم تعد قادرة على تحويلها إلى منتجات قابلة للبيع.
تمكث الفتاة فى المنزل أغلب الوقت، تشعر بالإرهاق والعجز، وكأن سنوات من الجهد والعمل تبخرت فى لحظة، تتساءل بمرارة عن جدوى الاستمرار فى ظل تقلبات أسعار الدولار، وكيف يمكن لأى مشروع صغير أن يصمد فى سوق لا يعرف الاستقرار. ورغم تعلقها بفكرة الحرية، وحلمها بإيران منفتحة على العالم، فإنها لا تُخفى شكوكها العميقة فى قدرة الاحتجاجات الحالية على إحداث تغيير جذرى، مشيرةً إلى أن احتجاجات 2022، التى اندلعت بعد وفاة «174 مهسا أمينى»، كانت أوسع نطاقاً، لكنها لم تُفضِ إلى نتائج ملموسة. بالنسبة لها، الخوف الأكبر ليس فقط من الفقر، بل من حالة «التعليق» و«عدم اليقين»، حيث يعيش الجميع فى انتظار مجهول لا ملامح له.
«موين» اسم مستعار آخر لرائد أعمال فى مجال الملابس، يبلغ الأربعين من العمر، يعكس أزمة جيل كامل، يشعر بأنه استهلك طاقته فى السعى دون أن يصل إلى بر الأمان، يدير متجراً لبيع الملابس الرجالية، ويقوم بنفسه بالتصميم والخياطة، لكنه يصف وضعه بأنه «شديد الهشاشة»، الانهيار السريع فى قيمة الريال، وإضرابات السوق، وإغلاق المتاجر الإلكترونية، تركته أمام خسائر كبيرة، ومخزون من الملابس الشتوية تجاوز ذروة الطلب، متزوج منذ سنوات قليلة، ويعيش مع زوجته فى شقة بالإيجار، ويشعر بثقل أزمة منتصف العمر، وبأن سنوات العمل الشاق لم تحقق له الاستقرار المنشود.
يذهب «موين» إلى أبعد من الأزمة الاقتصادية، واصفاً إيران بأنها «دولة فاشلة»، ويرى أن سقوط «نظام المرشد»، إن حدث، سوف يكون بداية مسار طويل قد يستغرق نصف قرن لإعادة بناء دولة «طبيعية»، وفى هذا السياق ينظر بريبة إلى عودة اسم «رضا بهلوى» إلى الساحة السياسية، معتبراً إياه مجرد واجهة رمزية تفتقر إلى الفهم العميق لتعقيدات الداخل الإيرانى، يؤكد أن «بهلوى»، حتى لو اعتلى قمة السلطة، لن يكون صاحب القرار الحقيقى، بل سينفذ ما يُملى عليه من قوى خارجية.
«ساشا»، مدرب رياضى، 35 عاماً، يمثل شريحة من الشباب الذين نشأوا فى أسر متوسطة، لكنهم اضطروا للاعتماد على أنفسهم منذ وقت مبكر، لكنه لم يتمكن من امتلاك منزل، أو بناء حياة مستقرة، ولم يستطع الزواج حتى الآن، يرى أن جيله يعيش حالة «إقصاء تاريخى»، وأن الحديث عن تحسن قريب، أو حرية وشيكة، يبدو أقرب إلى الوهم.
أما «مجيد»، 36 عاماً، فيروى قصة «انهيار اقتصادى واجتماعى متكامل»، عمل منذ طفولته فى وظائف متعددة، قبل أن يدخل مجال تجارة الأحجار الزخرفية، لكن التضخم المتسارع أطاح بمشروعه، مشيراً إلى أنه بعد «جائحة كورونا» انهارت حياته الأسرية، وانتهى زواجه بسبب العجز عن سداد أقساط منزل الزوجية. وصل «مجيد» إلى قناعة قاتمة مفادها أن «عدم العمل» بات أقل خسارة من المحاولة فى اقتصاد لا يكافئ الجهد، يعيش حالة انتظار سلبية، يصف نفسه بأنه «عالق فى مكانه».
تختتم «الجارديان» تقريرها بالقول إن هذه الشهادات تكشف عن مجتمع إيرانى يعيش حالة تمزق عميقة، بين الغضب والخوف، وبين الرغبة فى التغيير والارتهان لواقع شديد التعقيد، ورغم اختلاف الرؤى حول الطريق إلى المستقبل، يتقاطع معظم المتحدثين عند نقطة واحدة، أن «العزلة الاقتصادية والسياسية تمثل الخطر الأكبر»، وأن استمرارها يعنى مزيداً من التآكل فى حياة الأفراد، ومزيداً من ضياع الأحلام، فى بلد يملك طاقات بشرية هائلة، لكنها مكبّلة بقيود الداخل، وصراعات الخارج.",2026-01-11
,https://www.elwatannews.com/news/details/8204768,elwatannews.com,"أعلن القاضي حازم بدوي، رئيس الهيئة الوطنية للانتخابات، نتيجة انتخابات مجلس النواب بمحافظة الجيزة، التي أجريت في 6 دوائر انتخابية، وذلك ضمن الـ27 دائرة انتخابية التي سبق للمحكمة الإدارية العليا إلغاء نتائجها عند إعلان نتيجة المرحلة الأولى، وجاءت نتائج الدوائر كالتالي:
-الدائرة الثالثة البدرشين، فوز أبو بكر علي غريب.
-الدائرة السادسة بولاق الدكرور، فوز حسام الدين المندوة توفيق.
-الدائرة السابعة العمرانية، فوز جرجس لاوندي ومحمد علي عبد الحميد.
-الدائرة التاسعة قسم الأهرام، فوز محمد سلطان علي ووسيم كمال عثمان.
-الدائرة العاشرة أول أكتوبر، فوز أحمد محمد على جبيلي.
-الدائرة الثانية عشر منشأة القناطر، فوز كل من علي سمير رجب ومجدي محمد محمد وطارق سيد توفيق.
وأجريت جولة الإعادة لانتخابات مجلس النواب في 27 دائرة انتخابية، موزعة على 10 محافظات، جرت المنافسة فيها على 49 مقعدًا لم تُحسم خلال الجولة الأولى، وذلك بين 98 مرشحًا، وشملت محافظات «الجيزة، الفيوم، المنيا، الوادي الجديد، أسيوط، سوهاج، الأقصر، أسوان، الإسكندرية، والبحيرة».",2026-01-11
,https://www.elwatannews.com/news/details/8204033,elwatannews.com,"أفادت وكالة الأنباء الرسمية في كوريا الشمالية، اليوم الجمعة، أن الرئيس الكوري الشمالي كيم جونج أون تعهد بدعم «دائم» لسياسات الرئيس الروسي فلاديمير بوتين، في ظل تعزيز بيونج يانج وموسكو لتعاونهما العسكري.
وفقًا لوكالة الأنباء المركزية الكورية (KCNA)، قال كيم في رسالة وجهها إلى بوتين: «سأحترم وأدعم جميع سياساتكم وقراراتكم دون قيد أو شرط، ولدي رغبة دائمة في البقاء إلى جانبكم من أجلكم ومن أجل روسيا».
وأكد رئيس
: «سيكون هذا الخيار ثابتًا ودائمًا»، وأضاف كيم، بحسب وكالة (KCNA): «لقد شعرت مرة أخرى بعمق العلاقات الودية بيننا، وأغتنم هذه الفرصة لأؤكد أنني أعتبر العلاقات الودية معكم أثمن العلاقات ومصدر فخر لي».
وأشارت وكالة الأنباء الكورية الشمالية إلى أن كيم أرسل الرسالة إلى بوتين ردًا على رسالة التهنئة التي وجهها إليه الرئيس الروسي بمناسبة عيد ميلاده الموافق 8 يناير.
وأشار كيم إلى أن رسالة بوتين كانت تعبر عن صداقته وثقته به وبالشعب الكوري الشمالي، معربًا عن شكره ومتمنيًا له مزيدًا من النجاح في جميع مشاريع بوتين المهمة.
يأتي ذلك بعدما أدانت روسيا بشدة، أمس الخميس، احتجاز الولايات المتحدة ل
، مما ينذر بتوتر جديد في العلاقات بين موسكو وواشنطن.
وقالت وزارة الخارجية الروسية إن احتجاز الناقلة التي ترفع العلم الروسي في شمال المحيط الأطلسي، يوم الأربعاء الماضي، «لن يؤدي إلا إلى مزيد من التصعيد في التوترات العسكرية والسياسية في منطقة أوروبا الأطلسية»، بحسب وكالة «أسوشيتد برس».
وقد أعلنت القيادة الأوروبية الأمريكية أن السفينة التجارية الروسية «بيلا 1» تم احتجازها بتهمة «انتهاك العقوبات الأمريكية».
كما فرضت إدارة ترامب حظرًا نفطيًا على فنزويلا، وأكدت وزارة الطاقة الأمريكية أن النفط المنقول من وإلى فنزويلا سيقتصر على القنوات المعتمدة بما يتوافق مع القانون الأمريكي ومصالح الأمن القومي.",2026-01-11
,https://www.elwatannews.com/news/details/8204041,elwatannews.com,"كشف خبراء الأرصاد الجوية تفاصيل حالة الطقس في القاهرة والمحافظات اليوم الجمعة 9 يناير، إذ تشهد البلاد حالة سريعة من عدم الاستقرار في الأحوال الجوية، يصاحبها انخفاض ملحوظ في درجات الحرارة، ونشاط قوي للرياح، مع سقوط أمطار متفاوتة الشدة على عدد من المناطق، في أجواء شتوية باردة.
وأشار بيان الأرصاد، بشأن
في القاهرة والمحافظات، إلى وجود بعض الظواهر الجوية المتوقعة منها سقوط أمطار رعدية أحيانا على بعض المناطق، وهو ما نوضح تفاصيله في السطور التالية:
وتشير التوقعات إلى سقوط
متوسطة إلى غزيرة، قد تكون رعدية أحيانا، على مناطق من الإسكندرية وشمال الوجه البحري، مع التحذير من احتمالية وصولها إلى حد السيول على بعض المناطق من شمال ووسط سيناء.
كما تتساقط أمطار متوسطة على مناطق من السلوم ومطروح وجنوب الوجه البحري، في حين تكون خفيفة وقد تميل إلى المتوسطة على القاهرة الكبرى ومدن القناة.
وتشهد مناطق جنوب سيناء وشمال الصعيد فرصا لسقوط أمطار خفيفة، بالإضافة إلى نشاط الرياح واضطراب الملاحة.
ومن المتوقع نشاط ملحوظ للرياح على أغلب أنحاء الجمهورية، حيث تتراوح سرعتها بين 40 و60 كيلومترًا في الساعة، وقد تكون مثيرة للرمال والأتربة على بعض المناطق المكشوفة.
كما تشهد حركة الملاحة البحرية اضطرابا شديدا على سواحل البحر المتوسط والبحر الأحمر، وخليجي السويس والعقبة، ما يستدعي توخي الحذر.
وتسجل درجة الحرارة العظمى المتوقعة في القاهرة الكبرى نحو 18 درجة مئوية، مع استمرار الإحساس ببرودة الطقس خاصة خلال فترات الليل.
وتناشد الجهات المعنية المواطنين توخي الحذر، خاصة أثناء القيادة في فترات سقوط الأمطار ونشاط الرياح، مع ضرورة متابعة التحديثات الجوية أولا بأول نظرا لتغير الحالة الجوية بسرعة.",2026-01-11
,https://www.elwatannews.com/news/details/8204771,elwatannews.com,"أعلن القاضي حازم بدوي، رئيس الهيئة الوطنية للانتخابات، نتيجة انتخابات مجلس النواب بمحافظة الفيوم، التي أُجريت في دائرة سنورس، ضمن 27 دائرة انتخابية سبق للمحكمة الإدارية العليا إلغاء نتائجها عند إعلان نتيجة المرحلة الأولى، وجاءت نتيجة الدائرة على النحو التالي:
الدائرة الثالثة سنورس: فوز كل من طه عبد التواب عبد الجليل وحمادة محمد سليمان وحمد محمود حمد.
وأُجريت جولة الإعادة لانتخابات مجلس النواب في 27 دائرة انتخابية، موزعة على 10 محافظات، جرت المنافسة فيها على 49 مقعدًا لم تُحسم خلال الجولة الأولى، وذلك بين 98 مرشحًا، وشملت محافظات: الجيزة، الفيوم، المنيا، الوادي الجديد، أسيوط، سوهاج، الأقصر، أسوان، الإسكندرية، والبحيرة.",2026-01-11
,https://www.elwatannews.com/news/details/8204039,elwatannews.com,"عدد من الأحداث الحزينة والسعيدة شهدها الوسط الفني خلال الساعات الماضية والتي كانت حديث الوسط الفني ومواقع التواصل الاجتماعي.
أعلنت مواقع لبنانية خلال الساعات الماضية وفاة
الابن الأصغر لفيروز، وسيُشيَّع الجثمان يوم السبت المقبل في تمام الساعة الثالثة بعد الظهر، في كنيسة رقاد السيدة بمنطقة المحيدثة – بكفيا.
احتفل الفنان منير مكرم عضو مجلس إدارة نقابة المهن التمثيلية، بزفاف ابنته يارا من شاب من خارج الوسط الفني، وسط حضور الأصدقاء والمقربين، كما حرص على حضور حفل الزفاف كل من الفنان أيمن عزب، والفنان أشرف طلبة.
وأعلن الموزع الموسيقي
عبر فيسبوك، وفاة ابنة شقيقه والتي نعاها بكلمات مؤثرة: «رحلت ابنتي الصغيرة ساندرا، رأيتها تولد وتكبر وتصبح مغنية وملحنة موهوبة للغاية، تسير على خطاي وبتوجيهي، والآن رحلت، رحلت مبكرًا جدًا، رحم الله روحك الجميلة وأسكنها فسيح جناته. وداعًا ساندرا حقي».
أعلنت الفنانة لقاء الخميسي عبر صفحتها الرسمية على موقع التواصل الاجتماعي فيسبوك بيانًا توضح فيه حقيقة ما يتم تداوله من تصريحات بعد زواج عبدالمنصف.
وجاء نص البيان كالتالي: «أي فيديوهات أو تصريحات منسوبة للفنانة لقاء الخميسي بشأن الموضوع المثار حاليًا غير صحيحة تمامًا، لم يتم إجراء أي تصريحات صحفية ولم يتم نشر أي مقاطع فيديو، نرجو احترام خصوصية وحساسية الموقف».
أعلن الفنان مراد فكري صادق، عبر منشور على وسائل التواصل الاجتماعي، وفاة عمه كارم، وكتب فيه: «البقاء لله وإنّا لله وإنّا إليه راجعون. ربنا يرحمك يا عمي ويسكنك فسيح جناته، ويلهمنا الصبر والسلوان في فراقك».",2026-01-11
,https://www.elwatannews.com/news/details/8204930,elwatannews.com,Not found,2026-01-11
,https://www.elwatannews.com/news/details/8204922,elwatannews.com,"احتفى الأزهريون وعموم الشعب المصرى، فى السادس من يناير الجارى، بذكرى ميلاد فضيلة العالِم الجليل الدكتور أحمد الطيب، وبلوغه العقد الثامن من عمره المديد، قضى منها خمسة عشر عاماً شيخاً للأزهر الشريف، وإماماً أكبر لعلماء المسلمين.
والكتابة عن فضيلة الإمام أشبه بالتريض فى بستان الخير، بين أشجار العطاء المثمرة، هى كتابة تشرح الصدر وتزكِّى النفس، فالإبحار فى سيرته العطرة، سواء قبل انضمامه إلى قائمة الأئمة الكبار السبعة والأربعين الذين سبقوه إلى منصب «شيخ الأزهر»، أو خلال السنوات التالية لهذا التاريخ، التى قاد فيها الأزهر، ونجح بفضل الله أن يجعله جسراً لكل المصريين، عبروا عليه محنة الثورة وفتنة الدين، لتنجو سفينة الوطن من أنواء وأعاصير وعواصف مدمرة، أسقطت دولاً وحصدت أرواح شعوب، لتبقى مصر حرةً، يحفظها الله ويحميها جيشُها، ويُنيرُها الأزهر الشريف.
وسيرة رئيس مجلس حكماء المسلمين، الحالم بأمر الله، العاشق لأهل الله، الساجد فى حب الله، الحارس الأمين لكتاب الله وعلمه، الإمام الأكبر لجامع من خير بيوت الله، الدكتور أحمد الطيب، حفظه الله، أستاذ العقيدة الإسلامية، ومفتى الجمهورية الأسبق، والرئيس الأسبق لجامعة الأزهر، الشيخ الصوفى ابن قرية القرنة بمحافظة الأقصر فى صعيد مصر، الذى تدرَّج فى العمل الأكاديمى منذ تخرجه عام 1969، ثم حصوله على الدكتوراه عام 1977 من جامعة الأزهر. وقد تُوِّجَت مسيرته العملية كأستاذ جامعى بتوليه منصب عميد كلية الدراسات الإسلامية والعربية للبنين بمحافظة قنا، ثم عميداً لكلية الدراسات الإسلامية والعربية للبنين بأسوان. كما عمل محاضراً بجامعة «باريس» فى فرنسا، وجامعة «نريبرج» فى سويسرا، وعُيِّن عميداً لكلية أصول الدين بالجامعة الإسلامية العالمية بباكستان عام 1999، وعمل فضيلته بعدد من جامعات العالم الإسلامى، منها جامعة الإمام محمد بن سعود بالرياض، وجامعة قطر، وجامعة الإمارات.
ولم تقتصر حياة شيخنا الطيب على التدريس والإفتاء فقط، بل قام بتأليف عدد من الكتب، أبرزها: «مباحث العِلَّة والمعلول من كتاب المواقف»، و«مفهوم الحركة بين الفلسفة الإسلامية والماركسية»، و«مباحث الوجود والماهية من كتاب المواقف»، و«مدخل لدراسة المنطق القديم»، و«تعليق على قسم الإلهيات من كتاب تهذيب الكلام للتفتازانى»، و«الجانب النقدى فى فلسفة أبى البركات البغدادى».
وتصدر الإمام الأكبر قائمة الشخصيات الإسلامية الأكثر تأثيراً فى العالم، عن استحقاق وجدارة، تتويجاً لعطائه وجهوده البارزة فى خدمة الإسلام والمسلمين والقضايا الإنسانية فى شتى بقاع الأرض، وترجمة صادقة لمواقفه وسعيه الدائم لجمع العرب والمسلمين على كلمة سواء، فى مواجهة الظروف الصعبة التى تعصف بالأمة الإسلامية، من أخطار الانقسام، ومكافحة الإرهاب والتطرف، فضلاً عن جهود فضيلته فى التعريف بصحيح الدين الإسلامى، وترسيخ دعائم الوسطية والتعايش المشترك.
وقد تولى الدكتور أحمد الطيب منصب شيخ الأزهر فى 19 مارس 2010، وتزامنت سنواته الأولى فى المشيخة مع ثورات «الربيع العربى»، وتوحش ظاهرة الإرهاب، وميلاد تنظيم «داعش» وانتشاره، وهى أيضاً سنوات تفشى ظاهرة «الإسلاموفوبيا» فى بلاد الغرب، وسنوات الصراع مع جماعة «الإخوان» الإرهابية، وكذلك سنوات المواجهة والتصدى لمحاولات «تقزيم» الأزهر وتطويع هويته وفق أهواء وأغراض سياسية محلية وعربية ودولية. إنها رحلة أيام وشهور وسنين قضاها الإمام الطيب صامداً، يجاهد لوجه الله، ومعه خيرة من العلماء وفريق عمل مخلص يعاونه فى المشيخة، لضمان استقرار هذا الصرح العالمى وتطوره وتجدده، ليظل الأزهر الشريف بيت الإسلام ومنبره العقلانى الوسطى، ويبقى الإمام الأكبر شيخ الأزهر هو «بوصلة» المسلمين.
إن مواقف الإمام الطيب، فى الفترة المرتبكة التى مرّت بها مصر من يناير 2011 إلى 30 يونيو 2013، لا ينساها له المصريون. فقد شكل الشيخ الطيب، خلال هذين العامين، حاجزاً منيعاً ضد التغلغل الإخوانى فى شئون الأزهر، وأوقف محاولاتهم للهيمنة على الخطاب الدينى وتوجيهه وفق أجندتهم السياسية. وتقدم شيخ الأزهر الصفوف الأولى مع الشعب المصرى الذى أسقط حكم «الإخوان» فى 30 يونيو 2013، وأعلن تأييده، ومعه البابا تواضروس، بابا الإسكندرية وبطريرك الكنيسة القبطية الأرثوذكسية، لبيان «3 يوليو» وخارطة الطريق التى قادها الفريق عبدالفتاح السيسى (وزير الدفاع والقائد العام للقوات المسلحة 2012: 2014)، والتى أنقذت مصر من السقوط تحت وطأة المؤامرة «الإخوانية».
وأدرك الشيخ الطيب خطورة ما تمر به مصر والأمة الإسلامية، فعقد العزم على قيادة ثورة التجديد داخل أروقة الأزهر، يدعمه ويُسانده الرئيس السيسى، الذى بعثت إرادته السياسية الحاسمة ورغبته القاطعة فى «تجديد الخطاب الدينى» الروح فى خطط الأزهر لتطوير الفهم الدينى، وفى مختلف مفاصل الدولة المصرية، لتتحول إلى «دولة فاعلة» كاملة الإرادة، ينتظرها مستقبل أفضل.
ولعل أبرز ما شهدته السنوات الخمس عشرة الماضية فى مسيرة الإمام الأكبر، النقلة الكبيرة فى مستوى العلاقات بين الأزهر والفاتيكان، التى أثمرت عن توقيع وثيقة «الأخوة الإنسانية» التاريخية عام 2019. كما شهدت علاقات الأزهر بالعالم محطات فارقة، استقبل خلالها شيخ الأزهر العديد من القيادات السياسية والدينية البارزة فى مختلف دول الشرق والغرب، مما أسهم فى استعادة مكانة الأزهر العالمية، وترسيخ وجوده كمنبر إسلامى وسطى معتدل.
حفظ الله شيخ الأزهر، وأدام علينا الأزهر فى خدمة الإسلام والمسلمين.",2026-01-11
,https://www.elwatannews.com/news/details/8204915,elwatannews.com,"مات المغيرة بن شعبة، والى الكوفة، وتولى الحكم من بعده زياد بن أبى سفيان أو «زياد بن أبيه»، كما كان يُلقّب. وكان «زياد» فى الأصل والياً على البصرة، فأصبح والياً على كل من البصرة والكوفة بقرار من «معاوية». دخل «زياد» قصر الحكم بالكوفة، وانطلق بعدها إلى المسجد وخطب فى الناس، وأخذ -كما هو معتاد- يمتدح «عثمان» وأصحابه، وانفلت بعدها يذم علياً وأنصاره، فقام حجر بن عدى، كما تعود يعترض ويعارض ذلك، ويدافع عن «على» ومن والاه وانحاز إليه، لم يلتفت «زياد» إلى «حجر» وترك الكوفة كلها وعاد إلى البصرة، وهناك وصلته الأخبار، من نائبه على الكوفة «عمرو بن حريث»، بأن الأمور تستفحل، وأن «حجر» يجتمع إلى أصحابه من الرافضين ذم على وأنصاره، فما كان منه إلا أن تحرك إلى الكوفة.
دعا «زياد» حجر بن عدى إلى لقاء تفاوضى، وقال له، كما يروى «ابن سعد» صاحب «الطبقات»: «تعلم أنى أعرفك، وإنى أنشدك الله أن تملك عليك لسانك، وليسعك منزلك، وهذا سريرى فهو مجلسك، وحوائجك مقضية لدى، فاكفنى نفسك فإنى أعرف عجلتك، فأنشدك الله يا أبا عبدالرحمن فى نفسك. وإياك وهذه السفلة وهؤلاء السفهاء أن يستزلوك عن رأيك، فإنك لو هنت على أو استخففت بحقك لم أخصك بهذا من نفسى، فقال حجر: قد فهمت، ثم انصرف».
لقد أراد زياد بن أبيه أن يصرف حجر بن عدى عن المعارضة السياسية لبنى أمية وخطابهم المعادى لعلى بن أبى طالب، وحذّره من أن يغتر بالجماهير التى تلتف حوله، وأنهم لن يحموه من غضبته إذا يئس منه. بعد هذا اللقاء هرول المتحلقون حول حجر بن عدى إلى منزله كما تعودوا وسألوه: «ما قال لك الأمير؟ قال: قال لى كذا وكذا، قالوا: ما نصح لك». يقول صاحب الطبقات: «وكانت الشيعة يختلفون إليه ويقولون إنك شيخنا وأحق الناس بإنكار هذا الأمر، وكان إذا جاء إلى المسجد مشوا معه».
عاود عمرو بن حريث -نائب «زياد» على الكوفة- الاتصال بالوالى فى «البصرة»، وقال له: إن كانت لك حاجة بالكوفة فالعجل. شعر «زياد» حين تسلَّم الرسالة بأن الأمور فى الكوفة تخرج عن السيطرة، بسبب الحزب المعارض الكبير الذى بات يقوده حجر بن عدى فعاد من فوره، اختار «زياد» بمجرد وصوله مجموعة من الشخصيات من أشراف أهل الكوفة وأرسلهم إلى «حجر» ليُعذر إليه وطلب منهم أن ينهوه عن الانسياق وراء حزب المعارضة الذى يقوده، وأن يكف لسانه عما يتكلم به، فلم يجبهم إلى شىء ولم يكلم أحداً منهم، بل وأحس من كلامهم أن موقف «زياد» ضعيف وأنه لن يستطيع الاقتراب منه، وقال: «ما كنت أظن هذا البائس بلغ فيه الضعف كل ما أرى». عاد الوفد إلى «زياد» بدون أى نتائج، وسألوا الوالى الرفق بـ«حجر»، لكن «زياداً» اعتبر أنه أعذر إلى «حجر» بما يكفى، وأن الأوان قد آن لمحاصرة حركته، فأرسل إليه الشرطة، فحاول «حجر» أن يقاوم بمن معه، لكن سرعان ما انفضوا من حوله وتم القبض عليه مع قلة من أنصاره.",2026-01-11
,https://www.elwatannews.com/news/details/8204910,elwatannews.com,"انتقل حوارى مع د. مراد وهبة من منطقة تعريف التنوير إلى تعريف الأصوليات الدينية وصراعاتها الساخنة، وأن الأصولية الإسلامية مجرد فرع فى شجرة جذورها ممتدة، سألته: أنت تتحدث عن صراع أصوليات، فهل تتحدث عن أصوليات مسيحية ويهودية وإسلامية تتصارع؟ كان الرد كعادته دائماً فى التنقيب عن الأصول فقال: فى حلقة الحوار العربى الإسرائيلى أثناء ذهابى مع مجموعة كوبنهاجن 1997 قلت لهم إن الشرق الأوسط محكوم بثلاث أصوليات، مسيحية ويهودية وإسلامية، هى فى صراع، ولتخفيف الصراع نحن نحتاج إلى تيار مضاد وهو العلمانية، وقلت إن الأصولية هى «التفكير فى النسبى بما هو مطلق»، وإن العلمانية هى «التفكير فى النسبى بما هو نسبى»، يعنى ببساطة العلمانى لا يُدخل المطلق فى الصراعات، ويظل على مستوى النسبى المتغير الذى هو الحياة التى نعيشها، فوجئت بعد كلمتى بهجوم عنيف من اثنين، الأول من «حماس» والثانى من «الليكود»، بادرته بالسؤال: كيف رغم أن الاثنين أعداء، وماذا عن الأصولية المسيحية، هل تقصد بها التيار الذى أفرز «بوش»؟ صحح لى د. مراد الترتيب قائلاً: قبل «بوش» كان هناك ريجان وهو أصولى بحت، وكان متفاهماً جداً مع القس البروتستانتى بيلى جراهام، وكانا يعقدان جلسات لانتظار المسيح الثانى! وكان «جراهام» يقنع «ريجان» بالصبر حتى يأتى المسيح! وقد قلت فى أحد المؤتمرات الفلسفية التى عُقدت فى أمريكا فى الثمانينات لوضع حد للصراع الروسى الأمريكى إن رغبة الأصولية الإسلامية هى تدمير المجتمع الشيوعى ثم الرأسمالى لتحكم كوكب الأرض كله.
نقلت إليه حيرتى من مشهد كنت قد شاهدته قبل لقائنا وهو مشهد ذبح الدواعش لبعض الأسرى، وسألته طالباً التفسير: أريد أن أفهم كيف للأصولى الدينى المؤمن أن يذبح فرداً وهو يقول الله أكبر، أريد أن أفهم هذا المشهد المنتشر الآن! حاول مراد وهبة فك طلاسم الموقف قائلاً كمحلل نفسى وفيلسوف: أول شىء يفعلونه هو شحن عقل الأصولى بالمطلق وأنه لا بد أن تتمسك به، وهو مطلق واحد ومن يعاكسه قم بتكفيره، وإذا استمر وتطاول اقتله، العنف حتمى فى أى أصولية، زعيم الحزب الأصولى المسيحى فى أمريكا قال: لا بد من استخدام السلاح لتدمير وقتل الملحدين! «مفيش هزار» فى الأصولية، «غاندى» عندما دخل مسجداً قتله هندوسى مثله، فى القرن الرابع قُتلت الفيلسوفة «هيباتيا» المسيحية التى كانت تريد التوليف بين الفلسفة وبين المسيحية، صدر قرار من البطريرك بقتلها وتم تمزيقها إرباً إرباً، إذاً لا استثناء فى أى أصولية، وإذا دخلت المسيحية طور الأصولية صارت مثلها مثل أى أصولية أخرى، اقرأ لأبى حامد الغزالى كتابه «تهافت الفلاسفة» الذى يقول فى فصله الأول «الفلاسفة المسلمون الذين تأثروا بالفلسفة اليونانية ملاحدة»، وكل الكتاب يمضى فى إثبات إلحاد «الفارابى» و«ابن سينا»، وفى نهاية الكتاب سألوه: هل نقتل الفلاسفة؟ فلم يرد وتركها مفتوحة إلى أن تبنّى الإجابة «ابن تيمية» بالقتل.
وهكذا عرفت من الحوار أن الوحيد الذى يقتل بضمير مستريح ويتهلل فرحاً بدون لحظة ندم هو الذى يقتل على أساس دينى بعد غسل دماغه وتزييف وعيه وحشو عقله برصاصات التكفير.",2026-01-11
,https://www.elwatannews.com/news/details/8204905,elwatannews.com,"بدأ الناس يتناقلون خبرات متوارثة تنظر إلى الزواح باعتباره «مقبرة الحب» وينسى هؤلاء أن البشرية جربت فى مشوارها الطويل ممارسات أخرى حاولت فيها أن تتمرد على الزواج بطريقته المعهودة، لكنها فشلت فشلاً ذريعاً. فتوفيق الحكيم الذى اشتهر بأنه عدو النساء تزوج بشروط، والفيلسوف الألمانى شوبنهاور الذى كره النساء، لأنه رأى فى طفولته أمه وهى تخون والده، ندم فى آخر عمره على هذا الشعور الزائف الذى سيطر عليه حين قابل ممرضة طيبة حسناء وهو يرقد متهالكاً فى الثمانين من عمره بأحد المستشفيات، والعقاد الذى كان أشهر العُزاب لم يستطع أن يستغنى عن المرأة، فهى فى تجربته سارة اللعوب، ومى زياد التى عشقها، وهنومة (الفنانة مديحة يسرى) التى أحبّها بينما كان شيخاً كبيراً وهى فتاة فى مقتبل المراهقة. وجرب الكاتب الغربى هافلوك إلسن ما سمّاها نظرية «الزواج الانفصالى» التى تقوم على أن يبقى كل من الزوجين فى بيته ويمارس حياته منفصلاً عن الآخر ويلتقيان فقط حين يحتاج كل منهما إلى جسد الآخر. وفشلت هذه النظرية بشكل مذرٍ، فـ«إلسن» نفسه سقط فى علاقة شاذة محرمة مع شاب يافع، وزوجته وقعت هى الأخرى فى غرام رجل آخر.
ومع ذلك فبعض هذه التصورات أو مسائل مشتقة منها أو قريبة الصلة بها، لا تزال تؤثر على الثقافة العامة فى مجتمعنا نحو الزواج، وشجع على ذلك انفتاح المجتمع وتفسخه، واشتداد الظروف الصعبة التى تُحكم قبضتها عليه، والتى بلغت حد أن يسارع بعض الشباب فى صعيد مصر إلى الزواج من أوروبيات طاعنات فى السن بحثاً عن تأمين مستقبلهم المادى، ويرى بعض الشباب فى بلاد الخليج العربى مثلاً فى العلاقات خارج الزواج ما يسرى عنهم ويؤخر حاجتهم إلى تكوين أسرة.
وجاءت بعض أفكار الحركة النسائية الحديثة لتزيد الطين بلة.
ففى بلادنا هناك منظمات ومؤسسات تدعو إلى سَن قانون يمنع تعدد الزوجات، ومنع الطلاق، دون النظر إلى أن تضييق الطلاق قاد مسيحيين إلى تغيير ملتهم أو ديانتهم، وجعل بعض الشباب يهرب من الزواج بدعوى أنه سجن أبدى، ودون تدبر فى أن التعدد، وهو استثناء وليس قاعدة، سنة حياتية تراعى ظروف البعض واحتياجاتهم، ولا تؤسس بالضرورة فى كل الحالات لوضع أشبه بما كان عليه «المعلم نونو» فى رواية نجيب محفوظ الرائعة «خان الخليلى» الذى كان يحتفظ بأربع زوجات فى شقة واحدة، لكل منهن غرفة تخصها، ويعشن معه فى هناء ورضاء.
إن من المؤسف أن تنجح جماعة متطرفة مثل «التكفير والهجرة» فى حل مشكلة العنوسة حين تمكن أميرها شكرى مصطفى من إلغاء الفوارق الطبقية وتقليل الاحتياجات المادية إلى أدنى مستوى بين الفتيات والفتيان من أتباعه، بينما يتعثر مجتمعنا على هذا الدرب ولديه إطار دينى معتدل ومحكم وواضح فى تيسير الزواج، وخبرات وتقاليد شرقية نجحت نجاحاً مبهراً على مدار قرون طويلة فى القضاء على مشكلة العنوسة، بينما أخفقت النظريات الحديثة فى حلها، لاسيما مع تحول التدين إلى ولع بالقشور وانغماس فى الطقوس وتغافل عن الجواهر العامرة بالقيم والمعانى العميقة، وكذلك مع انبهار البعض لدينا بالنموذج الاجتماعى الأوروبى، مع أنه لم يكتمل إلى الآن ولم ينجح فى مواجهة المعضلات التى تعترض طريقه، بالدرجة نفسها التى نجح فيها النموذج السياسى الغربى الذى أنتج الديمقراطية، وهى أرقى وأفضل نظم الحكم إلى الآن.",2026-01-11
,https://www.elwatannews.com/news/details/8205020,elwatannews.com,"أجرى الفريق أحمد خالد حسن سعيد، محافظ الإسكندرية، اليوم السبت، جولة ميدانية شملت وكالة الحضرة وشارع الجواهر التابعين لحي وسط، في إطار المتابعة المستمرة للأوضاع الميدانية داخل الأسواق، والتأكد من انضباط الشارع السكندري، ومراقبة أسعار وجودة الخضار والفاكهة، وتوافرها بأسعار مناسبة للمواطنين.
وخلال جولته التفقدية داخل وكالة الخضار والفاكهة بالحضرة، حرص محافظ الإسكندرية على الاستفسار المباشر من التجار عن أسعار السلع المختلفة، وقارن بينها وبين الأسعار المتداولة خارج الوكالة، مشددًا على أهمية تحقيق التوازن السعري ومنع أي ممارسات احتكارية تضر بالمواطنين.
ووجه المحافظ مسؤولي جهاز حماية المستهلك بتقييم أسعار الخضار والفاكهة داخل الوكالة وخارجها، ومتابعة مدى جودة المعروضات، إلى جانب التأكد من توافر
والأمن داخل السوق، بما يضمن بيئة تسوق آمنة ومنظمة.
كما وجه الفريق أحمد خالد رئيس حي وسط بإزالة كافة الأكشاك المخالفة وإشغالات الباعة الجائلين خارج السوق، خاصة في شارع الجواهر، بالإضافة إلى التحفظ على 2 تروسيكل مخالف وغير مرخص داخل السوق، وشدد المحافظ على ضرورة رفع المخلفات بشكل دوري وزيادة عدد مرات النظافة للحفاظ على المظهر الحضاري للمنطقة.
واستمع
إلى شكاوى ومطالب المواطنين من أهالي منطقة الحضرة، التي تضمنت ترميم الأسفلت المتهالك بمحيط ترام الحضرة، ورفع كفاءة الإنارة العامة بشارع أحمد فاروق مع شارع البرنس إبراهيم، مؤكدًا دراسة هذه المطالب والعمل على تنفيذها وفق الإمكانات المتاحة.
جاءت الجولة بحضور سكرتير عام المحافظة، ورئيس جهاز حماية المستهلك، ومدير مديرية التموين، ورئيس حي وسط، ورئيس حي شرق، ومدير إدارة الرقابة والرصد البيئي، وعدد من القيادات التنفيذية المعنية.",2026-01-11
,https://www.elwatannews.com/news/details/8204999,elwatannews.com,"أعلنت شركة مياه الشرب والصرف الصحي بأسيوط والوادي الجديد عن تنفيذ أعمال تطهير بيارة محطة صرف صحي السادات التابعة لمنطقة غرب أسيوط، وذلك اعتبارًا من الساعة 12 مساء ليل السبت وحتى الساعة 6 صباح يوم الأحد الموافق 11 يناير 2026م، ولمدة 6 ساعات، مما يستلزم انقطاعًا جزئيًا للمياه خلال فترة الأعمال.
أوضح المهندس محمود شحاتة محمد رئيس مجلس الإدارة والعضو المنتدب، أن هذه الأعمال تأتي ضمن خطة الشركة للتطهير الدوري للحفاظ على
، ورفع كفاءة المحطات، وإزالة الرواسب المصطحبة من الشبكات، وذلك باستخدام سيارات ومعدات الشركة لضمان سلامة التشغيل واستمرارية الخدمة.
أشار
إلى أن تأثر الخدمة سيكون محدودًا ببعض الشوارع فقط، وهي (منطقة السادات بالكامل وتفرعاتها، وجزء من شارع يسري راغب بدءًا من دار الرياضة وحتى كوبري السادات)، مؤكدًا أن الانقطاع لا يشمل حي غرب أسيوط بالكامل، على أن تعود الخدمة فور الانتهاء من الأعمال في التوقيت المحدد.
ووجهت الشركة عملائها من تدابير كافة احتياجاتهم من المياه لحين عودتها، موكدة أنه سيتم توفير سيارات مياه نقية فور الطلب خلال فترة الأعمال، داعيًا المواطنين للتواصل عبر الخط الساخن 125، أو الهاتف 01280733990، أو واتس آب 01281565653، أو من خلال الصفحة الرسمية للشركة، حرصًا على سرعة الاستجابة وتلبية احتياجات المواطنين.",2026-01-11
,https://www.elwatannews.com/news/details/8204987,elwatannews.com,"أكد المهندس رشدى السيد، رئيس شركة مياه الشرب والصرف الصحي بالمنوفية، تأجيل أعمال الغسيل الدوري للشبكات بجميع مناطق المحافظة وعدم قطع المياه، وذلك تزامنا مع بدء امتحانات الفصل الدراسي الأول لعام 2026.
وأوضح رئيس الشركة، في بيان، أنه يتم استئناف أعمال الغسيل تباعا وفقا للمواعيد التي يعلن عنها بنهاية الشهر، وذلك بجدول الغسيل الدوري للشبكات في جميع مناطق
، وسيتم إجراء عمليات الغسيل الضرورية بالتناوب عبر فتح محابس الغسيل في الأوقات المسائية فقط «خارج أوقات الامتحانات الرسمية».
وأكد التنسيق الكامل بين فروع الشركة ورؤساء
كل في نطاقه، وتأكيد الالتزام بالجدول الزمني المحدد والمواعيد المقررة لأعمال الغسيل والتطهير والتعامل الفوري مع أي طوارئ حفاظا على صحة المواطنين.",2026-01-11
,https://www.elwatannews.com/news/details/8204962,elwatannews.com,"أكد اللواء الدكتور إسماعيل كمال محافظ أسوان، أن المحافظة سيكون لها نصيب الأسد من حجم الاستثمارات خلال المرحلة المقبلة، في إطار توجه الدولة لتحقيق التنمية الشاملة والمستدامة بمحافظات الصعيد، مشيرًا إلى أن الجهود الحكومية الحالية تعتمد على العمل الميداني والتواصل المباشر مع المواطنين وليس الاكتفاء بالعمل من داخل المكاتب.
وأوضح محافظ أسوان، في تصريحات خاصة لـ«الوطن»، أنه تم حل جميع المشكلات البسيطة التي تم طرحها خلال اللقاء المباشر مع المواطنين، مؤكدًا أن الحكومة حريصة على الاستماع لشكاوى المواطنين ووضع حلول فورية لها، كما حدث خلال جولته الأخيرة.
وأشار اللواء إسماعيل كمال إلى أن المحافظة تشهد تنفيذ
لتشغيل إحدى روافع الري، بدعم كامل من وزارة التعاون الدولي، بما يسهم في تعزيز كفاءة منظومة الري وتحقيق الاستدامة الزراعية.
وأكد محافظ أسوان أن الأجهزة التنفيذية متواجدة دائمًا وسط المزارعين، وجاهزة للتدخل السريع وتقديم الحلول اللازمة في أي وقت، دعمًا للقطاع الزراعي باعتباره أحد ركائز التنمية بالمحافظة.
وأوضح محافظ أسوان أن مشروع
يُعد استكمالًا لجهود الدولة المستمرة منذ عدة سنوات في مجال استصلاح وزراعة الأراضي الصحراوية، مشيرًا إلى أن المشروع واجه في مراحله الأولى عددًا من التحديات، أبرزها نقص الموارد المائية وضعف التجهيزات الفنية.
وأضاف أن تنفيذ المكونات الحديثة للمشروع أسهم في تحقيق تطور ملحوظ في الأداء، وتحسين معدلات الإنتاج الزراعي، وتحقيق نتائج إيجابية بشكل تدريجي على أرض الواقع.
ويُعد مشروع وادي الصعايدة أحد المشروعات الحيوية المدرجة ضمن المبادرة الرئاسية «حياة كريمة»، والتي تستهدف تطوير الريف المصري وتحسين مستوى المعيشة، إلى جانب الارتقاء بالخدمات المقدمة للمواطنين في القرى والمناطق الأكثر احتياجًا.",2026-01-11
,https://www.elwatannews.com/news/details/8205029,elwatannews.com,"كشفت الفنانة نادية مصطفى عبر حسابها الرسمي بموقع التواصل الاجتماعي فيسبوك، عن تطورات الحالة الصحية للفنان هاني شاكر بعد خضوعه لعملية جراحية في العمود الفقري.
وكتبت نادية مصطفى: «أصدقائي وأحبائي وكل من تواصل معي وسألني أحب أطمأنكم عن أخي الغالي الفنان الكبير
حالته الصحية مستقرة بحمد الله، وخرج من المستشفى بعد تلقّي العناية اللازمة وهو الآن في منزله يستكمل العلاج ويتبع تعليمات الأطباء التي أوصت بالراحة التامة في هذه الفترة».
واختتمت: أدعو الله له بتمام الشفاء والعافية، والعودة القريبة لجمهوره ومحبيه.",2026-01-11
,https://www.elwatannews.com/news/details/8204994,elwatannews.com,"طرح الكينج محمد منير، منذ قليل، أحدث أعماله الغنائية بعنوان «بتعلي»، التي تعاون فيها مع الملحن عمرو مصطفى.
أغنية «بتعلي» من كلمات الشاعر
، وألحان عمرو مصطفى، وتوزيع أسامة الهندي، وتقول كلمات الأغنية:
الورد طارح على الخدود.. وطرحني أرضاً
وبقالي مدة بدوب أدوب… وفي مالطا بدّن
طب حد بس يقولها إني رايدها
طب حد بس يقولها الطيب أحسن
بتعلي على الحلوين بتعلي.. وجمالها زي الشهد محلي
نظرة عينيها ده سيف ودبحني
خلتني ماشي بخاف من ضلي
الشعر سارح زي ليل..وفي ليلها بسرح
سكنت في قلبي شمال يمين..ما سابتش مطرح
طب حد بس يقولها إني رايدها
طب حد بس يقولها رمشك بيجرح
دي اللي القمر من حسنها…إتدارى بدري
وأنا لو هغني في وصفها…هايعدي عمري
طب حد بس يقولها إني رايدها
طب حد بس يقولها تجبر بخاطري",2026-01-11
,https://www.elwatannews.com/news/details/8204984,elwatannews.com,"أثارت المطربة بسمة بوسيل تفاعلًا واسعًا بين متابعيها على مواقع التواصل الاجتماعي، بعد أن شاركت صورًا جديدة جمعتها بطليقها الفنان تامر حسني وأبنائهما، في ظهور عائلي لافت.
ونشرت
الصور عبر حسابها الرسمي على إنستجرام، وعلّقت عليها قائلة: «عام جديد 2026، بنفس الروح ولكن بمزيد من الشمس والبحر والامتنان»، وهي الكلمات التي لاقت تفاعلًا كبيرًا من الجمهور.
وتوالت تعليقات المتابعين التي عبّروا خلالها عن إعجابهم بالصور، متمنين للعائلة السعادة ولمّ الشمل، وجاءت أبرز التعليقات: «ربنا يحفظكم من العين»، «عيلة جميلة ما شاء الله»، «ربنا يجمع شملكم دايمًا».
يُذكر أن بسمة بوسيل كانت قد خطفت الأنظار مؤخرًا خلال حضورها فعاليات الدورة الثانية من مهرجان
المقام حاليًا بمنطقة الأهرامات، حيث ظهرت بإطلالة أنيقة حازت إعجاب الحضور وعدسات المصورين.",2026-01-11
,https://www.elwatannews.com/news/details/8204986,elwatannews.com,"قال الفنان محمد التاجي إن الحياة الزوجية بطبيعتها تمر بمحطات من الفتور والملل، مؤكدًا أن استمراره في زواج دام 40 عامًا لم يكن خاليًا من لحظات الزهق، لكنه شدد على أن الوعي والاحترام المتبادل هما سر الاستمرار.
وأضاف خلال لقائه مع الإعلامية سالي شاهين، ببرنامج
، المذاع عبر قناة dmc، اليوم، مازحًا أن كونه من مواليد برج الجوزاء يجعله سريع الملل، لكنه في المقابل يعرف كيف يدير هذه المشاعر دون أن تتحول إلى أزمات.
وأوضح التاجي أن التعامل مع الضغوط يتطلب أحيانًا العزلة المؤقتة أو السفر لفترة قصيرة لـ«فصل الدائرة» واستعادة التوازن، مشيرًا إلى أن شريكة حياته اعتادت هذا الأسلوب وتفهمته بمرور الوقت، وأن البيوت الناجحة تمر بمطبات ومشكلات، وهو أمر طبيعي، لكن «الاستسهال» في الانسحاب هو الخطر الحقيقي، بينما الإنجاز يكمن في القدرة على بناء حياة جميلة رغم العيوب.
وأشار الفنان
إلى أن الاعتراف بالعيوب يمثل خطوة أساسية لاستمرار أي علاقة، لافتًا إلى أن النضج العاطفي يجعل الشريكين أكثر قدرة على تجاوز وساوس الانفصال، خاصة بعد كبر الأبناء واستقلالهم، وأن العِشرة والحب والروتين اليومي المتفاهم عوامل تشدّ العلاقة إلى الأرض وتمنعها من الانكسار، قائلًا: «لا أعرف أن أعيش من دونها، وهي أيضًا لا تستطيع».",2026-01-11
,https://www.elwatannews.com/news/details/8204996,elwatannews.com,"حرص الإعلامي أحمد موسى، على دعم لاعبي منتخب مصر، قبل مباراتهم التي تنطلق بعد قليل أمام كوت ديفوار في ربع نهائي أمم أفريقيا 2025.
وقال
، خلال تقديم برنامج على مسئوليتي، المذاع على قناة صدى البلد، «كل الدعم لمنتخب مصر أمام كوت ديفوار، إحنا أبطال القارة وملوك أفريقيا وعندنا 7 بطولات وإن شاء الله الثامنة تيجي وعندنا رجالة موجودة ومحترمة».
وأضاف: أنا مع منتخب بلدي أيا كانت النتيجة، ويجب عدم القسوة على منتخبنا، معلقا: إحنا فزنا على كوت ديفوار برباعية في 2008 وتوجنا بالبطولة على حسابهم في 2006، فقد فازوا علينا في مباراة وحيدة مقابل 10 انتصارات للفراعنة.
وأكد الإعلامي أحمد موسى، أن الكرة الأفريقية تتطور بقوة وقد رأينا المواجهة القوية بين الجزائر والكاميرون ولا يوجد منتخب ضعيف في القارة
واستطرد: كل ثقتنا في لاعبي منتخبنا عشان يكمل المشوار ويروح المربع الذهبي، قائلا: ثقتنا في المولى تبارك وتعالى أولا وبعدين في كل أولادنا ورجالتنا، حيث إن المنتخبات الأفريقية تتميز بلياقة قوية جدًا، وهنأ المنتخب المغربي لتأهله لنصف نهائي أمم أفريقيا 2025 وكل الشكر لهم على تشجيع منتخب مصر في مباراياته في مشواره بالبطولة
وأردف الإعلامي أحمد موسى: أن كوت ديفوار سوف تواجه كبير القارة الأفريقية وسيلعب منتخبنا بروح وقوة واسم
، وعندما 100 مليون بيدعوا ويقولوا يارب النصر لمصر.",2026-01-11
,https://www.elwatannews.com/news/details/8204523,elwatannews.com,"فجّر إكرامي الشحات، أسطورة حراسة المرمى في النادي الأهلي، مفاجأة من العيار الثقيل حول ميركاتو الشتاء الجاري، مؤكداً رحيل صانع ألعاب نادي الزمالك، ناصر ماهر، وانتقاله رسمياً إلى صفوف نادي بيراميدز.
وفي تصريحات تليفزيونية، أوضح إكرامي أن إدارة نادي بيراميدز نجحت في التوصل إلى اتفاق نهائي مع مسؤولي الزمالك للحصول على خدمات
.
وكشف
عن تفصيلة هامة تتعلق بطريقة السداد، مؤكداً أن الزمالك وافق على الحصول على المقابل المادي بـ «الجنيه المصري» وليس بالدولار، كما تردد في بعض الأنباء السابقة.
تأتي هذه الخطوة من جانب إدارة نادي الزمالك في إطار مساعيها لتوفير سيولة مادية عاجلة؛ حيث يهدف النادي لاستغلال القيمة المالية للصفقة في حل الأزمات المالية الخانقة التي تلاحق القلعة البيضاء مؤخراً، وتوفير موارد لتدعيم مراكز أخرى أو سداد مديونيات عالقة.",2026-01-11
,https://www.elwatannews.com/news/details/8204520,elwatannews.com,"يواصل المنتخب الوطني الأول لكرة اليد مشواره في الدورة الدولية الودية بإسبانيا، حيث يصطدم بنظيره الإيراني مساء اليوم السبت، في إطار التحضيرات النهائية لخوض غمار بطولة أمم إفريقيا المقرر إقامتها في رواندا خلال الفترة من 21 إلى 31 يناير الجاري.
يدخل الفراعنة لقاء اليوم بعد أداء قوي في الجولة الأولى من الدورة الودية، حيث حسم التعادل بنتيجة (31-31) مواجهتهم أمام المنتخب البرتغالي، في بطولة تشهد مشاركة 6 منتخبات قوية مقسمة إلى مجموعتين (مصر، البرتغال، إيران، إسبانيا، تونس، وسلوفاكيا).
يضع
نصب عينيه الحفاظ على تاجه الإفريقي للمرة الرابعة على التوالي، حيث يمتلك الفراعنة في رصيدهم 9 ألقاب، ويطمحون في نسخة رواندا 2026 لمعادلة رقم المنتخب التونسي صاحب الـ 10 ألقاب كأكثر المنتخبات تتويجاً في القارة.
مشوار مصر في أمم إفريقيا (رواندا 2026): يقع المنتخب المصري في المجموعة الثانية إلى جانب منتخبات: (أنجولا، الجابون، وأوغندا).
دليل المشاهد لمباراة مصر وإيران اليوم:
الموعد: تنطلق المباراة اليوم السبت (10 يناير 2026) في تمام الساعة 6:15 مساءً بتوقيت القاهرة (7:15 مساءً بتوقيت مكة المكرمة).
القناة الناقلة: تُنقل أحداث اللقاء حصرياً عبر شاشة قناة ""أون تايم سبورتس"" (On Time Sports).",2026-01-11
,https://www.elwatannews.com/news/details/8204518,elwatannews.com,"تتجه أنظار الجماهير المصرية والعربية، مساء اليوم السبت، صوب ملعب «أغادير» بالمملكة المغربية، الذي سيكون مسرحاً للقمة النارية بين المنتخب المصري ونظيره الإيفواري، في إطار منافسات دور الـ8 لبطولة كأس الأمم الإفريقية 2025.
يدخل الفراعنة اللقاء بعد مسيرة قوية بدأت بتصدر المجموعة الخامسة برصيد 7 نقاط (أمام زيمبابوي، وأنجولا وجنوب إفريقيا)، قبل أن يحجزوا مقعدهم في ربع النهائي بالفوز على بنين بنتيجة 3-1. في المقابل، يدخل الأفيال المباراة بنشوة اكتساح بوركينا فاسو بثلاثية نظيفة في دور الـ16.
وتكتسب هذه المباراة أهمية مضاعفة؛ حيث ينتظر المنتخب السنغالي الذي حسم تأهله بالفوز على مالي بهدف نظيف، الفائز من موقعة
، لمواجهته في نصف النهائي، ما يضع الفريقين أمام اختبار تكسير عظام للوصول إلى المربع الذهبي.
تنطلق المباراة في تمام التاسعة مساءً بتوقيت القاهرة (العاشرة بتوقيت مكة المكرمة).
القناة الناقلة لمباراة مصر وكوت ديفوار
تُبث المباراة حصرياً عبر قناة beIN Sports MAX 1.
معلق مباراة مصر وكوت ديفوار.
يتولى المعلق المصري علي محمد علي مهمة الوصف والتعليق على أحداث اللقاء.",2026-01-11
,https://alwan.elwatannews.com/news/details/7386733/%D9%81%D9%8A-%D9%88%D9%82%D9%81%D8%A9-%D8%B9%D8%B1%D9%81%D8%A9-%D8%A3%D8%B7%D8%B9%D9%85%D8%A9-%D9%88%D9%85%D8%B4%D8%B1%D9%88%D8%A8%D8%A7%D8%AA-%D8%AA%D8%AC%D9%86%D8%A8%D9%87%D8%A7-%D8%B9%D9%86%D8%AF-%D8%A7%D9%84%D8%A5%D9%81%D8%B7%D8%A7%D8%B1-%D8%A7%D9%84%D9%8A%D9%88%D9%85,elwatannews.com,Not found,2026-01-11
,https://alwan.elwatannews.com/news/details/7384729/%D8%AD%D8%A7%D8%AC-%D9%8A%D9%85%D9%86%D9%8A-%D9%85%D9%86-%D8%B0%D9%88%D9%8A-%D8%A7%D9%84%D9%87%D9%85%D9%85-%D8%A8%D9%83%D9%8A%D8%AA-%D8%B9%D9%86%D8%AF-%D8%B1%D8%A4%D9%8A%D8%AA%D9%8A-%D8%A7%D9%84%D9%83%D8%B9%D8%A8%D8%A9-%D9%88%D8%A7%D9%84%D8%AD%D8%AC-%D8%B1%D8%AD%D9%84%D8%A9-%D8%A7%D9%84%D8%B9%D9%85%D8%B1,elwatannews.com,Not found,2026-01-11
,https://alwan.elwatannews.com/news/details/7383559/%D8%A3%D8%A8%D8%B1%D8%B2-%D9%84%D9%82%D8%B7%D8%A7%D8%AA-%D8%AD%D9%81%D9%84-%D8%B2%D9%81%D8%A7%D9%81-%D9%85%D8%AD%D9%85%D8%AF-%D9%87%D8%A7%D9%86%D9%8A-%D9%88%D8%B4%D9%82%D9%8A%D9%82%D8%A9-%D8%B2%D9%88%D8%AC%D8%A9-%D8%AD%D8%B3%D8%A7%D9%85-%D8%BA%D8%A7%D9%84%D9%8A-%D8%B5%D9%88%D8%B1,elwatannews.com,Not found,2026-01-11
,https://alwan.elwatannews.com/news/details/7382557/%D8%B7%D9%81%D9%84-%D9%85%D8%A8%D8%AA%D9%88%D8%B1-%D8%A7%D9%84%D8%A3%D8%B7%D8%B1%D8%A7%D9%81-%D9%8A%D9%84%D9%87%D9%88-%D8%B9%D9%84%D9%89-%D8%B4%D8%A7%D8%B7%D8%A6-%D8%BA%D8%B2%D8%A9-%D9%86%D8%AD%D8%A8-%D8%A7%D9%84%D8%AD%D9%8A%D8%A7%D8%A9-%D8%A5%D8%B0%D8%A7-%D9%85%D8%A7-%D8%A7%D8%B3%D8%AA%D8%B7%D8%B9%D9%86%D8%A7-%D8%A5%D9%84%D9%8A%D9%87%D8%A7-%D8%B3%D8%A8%D9%8A%D9%84%D8%A7,elwatannews.com,Not found,2026-01-11
,https://alwan.elwatannews.com/news/details/7379362/%D9%85%D8%AA%D8%B1%D9%85%D9%8A%D9%87%D8%A7%D8%B4-%D8%A8%D8%B9%D8%AF-%D9%85%D8%A7-%D8%AA%D8%B4%D8%B1%D8%A8%D9%87%D8%A7-5-%D8%A7%D8%B3%D8%AA%D8%AE%D8%AF%D9%85%D8%A7%D8%AA-%D9%84%D9%86-%D8%AA%D8%AA%D9%88%D9%82%D8%B9%D9%87%D8%A7-%D9%84%D8%A8%D9%82%D8%A7%D9%8A%D8%A7-%D8%A7%D9%84%D9%82%D9%87%D9%88%D8%A9,elwatannews.com,Not found,2026-01-11
